{"Test Accuracy": [0.1967, 0.2007, 0.1815, 0.1957, 0.2113], "Mean Per Epoch": null, "Std Per Epoch": null, "_timestamp": 1693364078.2647674, "_runtime": 117.01901650428772, "_step": 0, "_wandb": {"runtime": 115}}