{"Test Accuracy": [0.177, 0.238, 0.3283, 0.4325, 0.5288], "Mean Per Epoch": [-0.0013611343456432223, -0.0013731644721701741, -0.0013845432549715042, -0.001395219936966896, -0.0014056897489354014, -0.0014155572280287743, -0.0014248308725655079, -0.0014338036999106407, -0.0014423563843593001, -0.0014504430582746863, -0.001458304119296372, -0.0014657395659014583, -0.00147259421646595, -0.0014789419947192073, -0.0014848490245640278, -0.001490062684752047, -0.0014946096343919635, -0.001498781144618988, -0.0015025702305138111, -0.0015057980781421065, -0.0015086554922163486, -0.0015117209404706955, -0.0015174170257523656, -0.0015239376807585359, -0.0015301215462386608, -0.0015360614052042365, -0.0015414529480040073, -0.0015460969880223274, -0.0015502000460401177, -0.001553153619170189, -0.0015546729555353522, -0.0015564478235319257, -0.0015587745001539588, -0.0015615095617249608, -0.0015646303072571754, -0.001567485393024981, -0.0015702550299465656, -0.0015731118619441986, -0.0015757366782054305, -0.001578183495439589, -0.001580256619490683, -0.001582014956511557, -0.0015857199905440211, -0.0015898551791906357, -0.0015934951370581985, -0.0015969284577295184, -0.001599460025317967, -0.0016012470005080104, -0.00160195492208004, -0.0016027400270104408, -0.0016025559743866324, -0.0016017787856981158, -0.0016009254613891244, -0.0016002225456759334, -0.001597563736140728, -0.001592137385159731, -0.0015820713015273213, -0.0015666675753891468, -0.0015558060258626938, -0.0015452882507815957, -0.0015328455483540893, -0.001537864562124014, -0.0015477417036890984, -0.0015562786720693111, -0.0015634075971320271, -0.0015705414116382599, -0.0015780258690938354, -0.0015860741259530187, -0.0015932942042127252, -0.0016005287179723382, -0.0016093695303425193, -0.0016173492185771465, -0.0016245715087279677, -0.0016322816954925656, -0.0016396337887272239, -0.001646281685680151, -0.0016525198007002473, -0.0016581994714215398, -0.0016632069600746036, -0.0016681562410667539, -0.0016728475457057357, -0.0016785808838903904, -0.0016880027251318097, -0.0016975573962554336, -0.001706641516648233, -0.001715961960144341, -0.0017251659883186221, -0.0017342808423563838, -0.0017431783489882946, -0.0017518159002065659, -0.001760156941600144, -0.001768213347531855, -0.001776119344867766, -0.0017835322069004178, -0.0017906659049913287, -0.0017975395312532783, -0.001804312109015882, -0.0018107149517163634, -0.0018172040581703186, -0.001823189202696085], "Std Per Epoch": [0.01100000087171793, 0.011006214655935764, 0.011008922010660172, 0.010990788228809834, 0.010963167995214462, 0.010959834791719913, 0.010943107306957245, 0.010913919657468796, 0.010926112532615662, 0.010895962826907635, 0.01090236846357584, 0.010946092195808887, 0.010932506062090397, 0.010934489779174328, 0.01094237994402647, 0.010974126867949963, 0.010991535149514675, 0.010986261069774628, 0.011005871929228306, 0.011040491051971912, 0.011016816832125187, 0.010995657183229923, 0.01095533650368452, 0.010920957662165165, 0.010936721228063107, 0.010926255024969578, 0.01094963401556015, 0.010983496904373169, 0.010995753109455109, 0.011094662360846996, 0.011075767688453197, 0.011005967855453491, 0.010974095202982426, 0.010944481007754803, 0.010928701609373093, 0.010933405719697475, 0.010916153900325298, 0.010916664265096188, 0.010916217230260372, 0.010900787077844143, 0.010892301797866821, 0.010870658792555332, 0.010877660475671291, 0.010889566503465176, 0.010884086601436138, 0.010871334932744503, 0.010935365222394466, 0.010950039140880108, 0.010985634289681911, 0.011025388725101948, 0.011048313230276108, 0.011029206216335297, 0.011043543927371502, 0.01105793472379446, 0.011127213947474957, 0.011275005526840687, 0.011373787187039852, 0.011396985501050949, 0.011274542659521103, 0.011400707066059113, 0.011267676018178463, 0.011331647634506226, 0.011302382685244083, 0.011336007155478, 0.011324972845613956, 0.01133019756525755, 0.011257675476372242, 0.011311392299830914, 0.011232491582632065, 0.011342250742018223, 0.011448911391198635, 0.011302868835628033, 0.011264395900070667, 0.011275830678641796, 0.011219409294426441, 0.011178407818078995, 0.011131488718092442, 0.011111105792224407, 0.011063926853239536, 0.011084052734076977, 0.011112834326922894, 0.01106384675949812, 0.011022842489182949, 0.01103226374834776, 0.011039971373975277, 0.01101724337786436, 0.010983526706695557, 0.010972854681313038, 0.01096817571669817, 0.010976257734000683, 0.010980106890201569, 0.010971486568450928, 0.011007401160895824, 0.011014058254659176, 0.01103595644235611, 0.011039921082556248, 0.011032503098249435, 0.011032775044441223, 0.01102405320852995, 0.011018858291208744], "_timestamp": 1693396353.5642302, "_runtime": 215.24789810180664, "_step": 0, "_wandb": {"runtime": 213}}