{"Test Accuracy": [0.1983, 0.2083, 0.1972, 0.1925, 0.1985], "Mean Per Epoch": null, "Std Per Epoch": null, "_timestamp": 1693322156.1229227, "_runtime": 125.83211255073547, "_step": 0, "_wandb": {"runtime": 124}}