{"Test Accuracy": [0.1872, 0.2154, 0.1925, 0.2063, 0.245], "Mean Per Epoch": null, "Std Per Epoch": null, "_timestamp": 1693387820.6673455, "_runtime": 117.67831563949585, "_step": 0, "_wandb": {"runtime": 116}}