{"Test Accuracy": [0.1997, 0.2496, 0.2035, 0.2383, 0.1856], "Mean Per Epoch": null, "Std Per Epoch": null, "_timestamp": 1693343226.625925, "_runtime": 117.80885601043701, "_step": 0, "_wandb": {"runtime": 116}}