{"Test Accuracy": [0.1549, 0.1704, 0.2522, 0.3053, 0.4739], "Mean Per Epoch": [-0.0011943967547267675, -0.0012052980018779635, -0.0012158678146079183, -0.0012255542678758502, -0.0012342837871983647, -0.0012421297142282128, -0.0012484922772273421, -0.0012533472618088126, -0.0012574945576488972, -0.0012600644258782268, -0.0012609994737431407, -0.0012579320464283228, -0.0012494989205151796, -0.001247492735274136, -0.0012397459940984845, -0.001232150592841208, -0.0012262779055163264, -0.0011870850576087832, -0.0011247737566009164, -0.0010971910087391734, -0.0010781335877254605, -0.0010845379438251257, -0.0011067744344472885, -0.0011343638179823756, -0.0011651817476376891, -0.0011998036643490195, -0.0012247773120179772, -0.0012503432808443904, -0.0012759604724124074, -0.0013009564718231559, -0.0013210034230723977, -0.0013311285292729735, -0.001338163041509688, -0.0013458761386573315, -0.0013523882953450084, -0.0013586870627477765, -0.0013646665029227734, -0.0013703933218494058, -0.0013757431879639626, -0.0013807540526613593, -0.001385277952067554, -0.0013893841532990336, -0.0013938903575763106, -0.0013988525606691837, -0.0014031328028067946, -0.00140778673812747, -0.00141234474722296, -0.0014165224274620414, -0.0014196038246154785, -0.001422565896064043, -0.0014257949078455567, -0.0014287809608504176, -0.001432008226402104, -0.001434361096471548, -0.0014363867230713367, -0.0014383537927642465, -0.001440631807781756, -0.0014426405541598797, -0.0014450704911723733, -0.0014474312774837017, -0.0014497307129204273, -0.00145311641972512, -0.0014610951766371727, -0.0014683188637718558, -0.0014765745727345347, -0.0014831830048933625, -0.001489724381826818, -0.0014973143115639687, -0.001505028922110796, -0.0015128004597499967, -0.0015205508098006248, -0.0015278997598215938, -0.0015346721047535539, -0.0015411846106871963, -0.0015475397231057286, -0.0015535991406068206, -0.001558899530209601, -0.0015636025927960873, -0.0015679681673645973, -0.001571665983647108, -0.0015749373706057668, -0.0015771853504702449, -0.00158268166705966, -0.001589560299180448, -0.0015962482430040836, -0.0016033323481678963, -0.0016108006238937378, -0.0016185598215088248, -0.0016266853781417012, -0.0016345152398571372, -0.0016418732702732086, -0.0016490175621584058, -0.0016563633689656854, -0.00166315829847008, -0.0016689710319042206, -0.0016745488392189145, -0.0016803601756691933, -0.0016857293667271733, -0.0016910940175876021, -0.0016966095427051187], "Std Per Epoch": [0.01100000087171793, 0.010997045785188675, 0.011006136424839497, 0.01103229820728302, 0.011141547001898289, 0.01113751158118248, 0.011228862218558788, 0.011290385387837887, 0.01125404704362154, 0.01135366689413786, 0.011454504914581776, 0.01154197845607996, 0.01151054073125124, 0.011482656933367252, 0.011674530804157257, 0.01148020476102829, 0.011565915308892727, 0.012539190240204334, 0.011773907579481602, 0.011976859532296658, 0.011899502016603947, 0.012097860686480999, 0.012164453975856304, 0.012491959147155285, 0.012371373362839222, 0.012257646769285202, 0.012262825854122639, 0.012086390517652035, 0.012455406598746777, 0.012002963572740555, 0.012064933776855469, 0.011415139771997929, 0.011510630138218403, 0.011446605436503887, 0.011405687779188156, 0.011302840895950794, 0.011313694529235363, 0.011293821036815643, 0.011304785497486591, 0.011269268579781055, 0.011221823282539845, 0.011188683100044727, 0.011199799366295338, 0.011204122565686703, 0.011112484149634838, 0.011073627509176731, 0.011069610714912415, 0.011080153286457062, 0.011126873083412647, 0.011122580617666245, 0.011091358959674835, 0.01112885121256113, 0.011196843348443508, 0.011209980584681034, 0.011191662400960922, 0.011168344877660275, 0.011140762828290462, 0.011072245426476002, 0.01106899231672287, 0.011061488650739193, 0.011072746478021145, 0.011034764349460602, 0.011086207814514637, 0.01105949655175209, 0.011101380921900272, 0.01109946146607399, 0.011097733862698078, 0.01107581052929163, 0.011016200296580791, 0.011023708619177341, 0.011004972271621227, 0.011003956198692322, 0.0109688900411129, 0.010994249023497105, 0.010966718196868896, 0.010927238501608372, 0.010914734564721584, 0.010893064551055431, 0.010872762650251389, 0.010891559533774853, 0.010916929692029953, 0.01096451934427023, 0.010953486897051334, 0.010989162139594555, 0.010932203382253647, 0.010964403860270977, 0.010957341641187668, 0.010983762331306934, 0.011005724780261517, 0.011044851504266262, 0.011058530770242214, 0.011057437397539616, 0.011027742177248001, 0.010960760526359081, 0.010925632901489735, 0.010956227779388428, 0.010929214768111706, 0.010897540487349033, 0.010915798135101795, 0.01092789601534605], "_timestamp": 1693376929.8191698, "_runtime": 213.59206175804138, "_step": 0, "_wandb": {"runtime": 212}}