{"Test Accuracy": [0.0961, 0.0941, 0.0902, 0.0941, 0.0981], "Mean Per Epoch": null, "Std Per Epoch": null, "_timestamp": 1693321242.199016, "_runtime": 1274.9815061092377, "_step": 0, "_wandb": {"runtime": 1273}}