{"Test Accuracy": [0.1994, 0.1985, 0.1961, 0.2018, 0.1972], "Mean Per Epoch": null, "Std Per Epoch": null, "_timestamp": 1693329747.5177011, "_runtime": 117.77285504341125, "_step": 0, "_wandb": {"runtime": 116}}