{"Test Accuracy": [0.189, 0.2777, 0.2503, 0.3366, 0.3853], "Mean Per Epoch": [-0.004352417308837175, -0.0043654548935592175, -0.004377910867333412, -0.004389572888612747, -0.004400832112878561, -0.004411578644067049, -0.00442161038517952, -0.004431131761521101, -0.004440398421138525, -0.004449369851499796, -0.004458016250282526, -0.004466129466891289, -0.004473710898309946, -0.004480782430619001, -0.004487445577979088, -0.004494002554565668, -0.004499990958720446, -0.0045055062510073185, -0.00451083667576313, -0.004515703767538071, -0.004520233254879713, -0.0045216865837574005, -0.00452450243756175, -0.004527560900896788, -0.004529505968093872, -0.004530678037554026, -0.004531203303486109, -0.004531291779130697, -0.004531256388872862, -0.004531928803771734, -0.004532089922577143, -0.0045321169309318066, -0.004532618913799524, -0.004533567000180483, -0.004534647334367037, -0.0045348103158175945, -0.004534977953881025, -0.004535361658781767, -0.004535994026809931, -0.004536575637757778, -0.004537065047770739, -0.004536442458629608, -0.0045383162796497345, -0.004540588241070509, -0.00454268092289567, -0.004543939605355263, -0.004544943571090698, -0.004545771051198244, -0.00454609515145421, -0.004545720759779215, -0.004545325879007578, -0.004545395728200674, -0.004545328672975302, -0.00454559363424778, -0.00454547768458724, -0.0045451633632183075, -0.004544450901448727, -0.004543894436210394, -0.004543323535472155, -0.004542696755379438, -0.004541918635368347, -0.004543922375887632, -0.004547070246189833, -0.0045522586442530155, -0.004559010732918978, -0.004565156064927578, -0.0045715575106441975, -0.004577745217829943, -0.004584070295095444, -0.004590043798089027, -0.004594862461090088, -0.004599627107381821, -0.004604687914252281, -0.004609320312738419, -0.004613574128597975, -0.004617669153958559, -0.004621643107384443, -0.00462504243478179, -0.004627984017133713, -0.004631272051483393, -0.0046340893022716045, -0.004636180121451616, -0.004641324747353792, -0.004644826520234346, -0.004649095702916384, -0.004651681985706091, -0.0046540223993361, -0.004657506477087736, -0.0046613700687885284, -0.004665281157940626, -0.004668546374887228, -0.004670815076678991, -0.004671637434512377, -0.004672217648476362, -0.0046713524498045444, -0.004668800160288811, -0.0046641952358186245, -0.004657382611185312, -0.004646969959139824, -0.0046377419494092464], "Std Per Epoch": [0.01100000087171793, 0.01098181027919054, 0.010988503694534302, 0.010979990474879742, 0.010945688001811504, 0.0109756700694561, 0.011006299406290054, 0.01099734753370285, 0.010966289788484573, 0.010986730456352234, 0.010962769389152527, 0.010953038930892944, 0.010967585258185863, 0.010968751274049282, 0.010965774767100811, 0.010957184247672558, 0.011007349006831646, 0.010985580272972584, 0.010988774709403515, 0.01098445151001215, 0.010970345698297024, 0.010994388721883297, 0.010945635847747326, 0.011035759001970291, 0.011053374968469143, 0.011085249483585358, 0.011139806360006332, 0.011127735488116741, 0.011102949269115925, 0.01108603272587061, 0.011117100715637207, 0.011085066013038158, 0.011083431541919708, 0.011017192155122757, 0.011040490120649338, 0.011054092086851597, 0.011052373796701431, 0.011015799827873707, 0.010968492366373539, 0.011004969477653503, 0.010999715887010098, 0.010986998677253723, 0.010969678871333599, 0.010951404459774494, 0.01097541581839323, 0.010982460342347622, 0.010986349545419216, 0.010990823619067669, 0.010999821126461029, 0.011050883680582047, 0.011016097851097584, 0.011007554829120636, 0.010984212160110474, 0.010964535176753998, 0.01095107477158308, 0.010936333797872066, 0.010939388535916805, 0.010941964574158192, 0.01093120127916336, 0.010908730328083038, 0.010931454598903656, 0.010971803218126297, 0.010978695005178452, 0.010928931646049023, 0.010901878587901592, 0.010923550464212894, 0.010899298824369907, 0.010876762680709362, 0.01085931807756424, 0.010874464176595211, 0.010935959406197071, 0.010884519666433334, 0.010862640105187893, 0.010882568545639515, 0.010877114720642567, 0.010868103243410587, 0.010899323970079422, 0.010891356505453587, 0.010889571160078049, 0.010860125534236431, 0.010857607237994671, 0.010854274034500122, 0.010885265655815601, 0.010954472236335278, 0.01092265173792839, 0.010971374809741974, 0.010934741236269474, 0.010906840674579144, 0.010863625444471836, 0.010863562114536762, 0.010877528227865696, 0.010926692746579647, 0.01095161959528923, 0.011002029292285442, 0.011003910563886166, 0.011134650558233261, 0.011238380335271358, 0.011293762363493443, 0.01132579892873764, 0.011060460470616817], "_timestamp": 1693326760.0687885, "_runtime": 212.30886363983154, "_step": 0, "_wandb": {"runtime": 210}}