{"Test Accuracy": [0.1781, 0.1906, 0.191, 0.1993, 0.2349], "Mean Per Epoch": [-0.0011943967547267675, -0.0012000795686617494, -0.0011451500467956066, -0.0009918153518810868, -0.0008350230637006462, -0.0007046226528473198, -0.0006035511032678187, -0.00052439677529037, -0.00045559811405837536, -0.0003991418343503028, -0.0003476097481325269, -0.000306847010506317, -0.00026917687500827014, -0.00023697223514318466, -0.00020928103185724467, -0.00018463477317709476, -0.000161491145263426, -0.00014035822823643684, -0.00012129914102843031, -0.00010416241275379434, -8.838879875838757e-05, -0.0005252601695246994, -0.0006144483340904117, -0.0006023962632752955, -0.0005416371859610081, -0.0004965481930412352, -0.0004590605094563216, -0.0004267134645488113, -0.0004006527888122946, -0.00037703747511841357, -0.0003580987686291337, -0.0003420683497097343, -0.0003277120413258672, -0.0003156713501084596, -0.0003053872787859291, -0.0002961458812933415, -0.00028877463773824275, -0.0002820907102432102, -0.0002759185153990984, -0.000270557968178764, -0.0002659522870089859, -0.00056412722915411, -0.0004231601778883487, -0.000275017082458362, -0.00018448445189278573, -0.0001323971664533019, -9.737148502608761e-05, -6.971004040678963e-05, -4.720901415566914e-05, -3.0281333238235675e-05, -1.75302066054428e-05, -4.892780907539418e-06, 4.131114110350609e-06, 1.1209708645765204e-05, 1.8925871700048447e-05, 2.5859102606773376e-05, 3.227901834179647e-05, 3.683171235024929e-05, 4.1974086343543604e-05, 4.6089913666946813e-05, 4.887402246822603e-05, -0.00016758411948103458, -0.00014193214883562177, 9.497201062913518e-06, 0.00010171063331654295, 0.00016880857583601028, 0.00021606178779620677, 0.00025060889311134815, 0.0002781819785013795, 0.00030026238528080285, 0.0003191393334418535, 0.00033465438173152506, 0.0003483491309452802, 0.00036042448482476175, 0.0003716968931257725, 0.00038153244531713426, 0.00039025009027682245, 0.00039840987301431596, 0.000406044302508235, 0.00041298801079392433, 0.00041984161362051964, 0.00014106473827268928, 0.00024236575700342655, 0.0003102898190263659, 0.0004041178908664733, 0.0004647716705221683, 0.0005079684196971357, 0.000540771521627903, 0.0005659750895574689, 0.0005864610429853201, 0.0006040328298695385, 0.0006191502907313406, 0.0006322362460196018, 0.0006439235294237733, 0.0006541877519339323, 0.0006635208264924586, 0.0006719859666191041, 0.0006797535461373627, 0.0006868219934403896, 0.0006933502736501396], "Std Per Epoch": [0.009999998845160007, 0.00999707356095314, 0.010004174895584583, 0.010014970786869526, 0.01004380639642477, 0.010041365399956703, 0.010047166608273983, 0.01004495844244957, 0.010045765899121761, 0.010042197071015835, 0.010042066685855389, 0.010037238709628582, 0.010035268031060696, 0.010033784434199333, 0.010032465681433678, 0.010031593032181263, 0.010030386969447136, 0.010027295909821987, 0.01002653781324625, 0.01002430822700262, 0.010022029280662537, 0.010010971687734127, 0.010019015520811081, 0.010030570439994335, 0.01002551894634962, 0.010018544271588326, 0.010022125206887722, 0.010019234381616116, 0.010020086541771889, 0.010020546615123749, 0.010020642541348934, 0.010017532855272293, 0.010017192922532558, 0.010016143321990967, 0.010015851818025112, 0.01001402735710144, 0.010012728162109852, 0.010011916980147362, 0.010011282749474049, 0.010010913945734501, 0.010010461322963238, 0.010000697337090969, 0.010009992867708206, 0.01001251582056284, 0.010005342774093151, 0.010005439631640911, 0.010006383992731571, 0.010005876421928406, 0.010007713921368122, 0.01000727154314518, 0.010005918331444263, 0.010006086900830269, 0.010006487369537354, 0.010007008910179138, 0.010007260367274284, 0.01000667642802, 0.010005922056734562, 0.010005101561546326, 0.010003802366554737, 0.010002035647630692, 0.010000345297157764, 0.009958713315427303, 0.009984052740037441, 0.009982428513467312, 0.009982584975659847, 0.009983591735363007, 0.00998150184750557, 0.009980092756450176, 0.00997688714414835, 0.009977541863918304, 0.009976695291697979, 0.009975592605769634, 0.009975220076739788, 0.009976059198379517, 0.009975661523640156, 0.009974975138902664, 0.009974432177841663, 0.00997486524283886, 0.009974809363484383, 0.009975846856832504, 0.009977011941373348, 0.010015941224992275, 0.010008458979427814, 0.010021185502409935, 0.010003647767007351, 0.010004104115068913, 0.010002434253692627, 0.010002232156693935, 0.010000627487897873, 0.01000091154128313, 0.010001239366829395, 0.010000882670283318, 0.010000155307352543, 0.009999345056712627, 0.009999179281294346, 0.009999113157391548, 0.009998772293329239, 0.009998063556849957, 0.0099978968501091, 0.009997527115046978], "_timestamp": 1693375419.0261908, "_runtime": 202.71025586128235, "_step": 0, "_wandb": {"runtime": 201}}