{"Test Accuracy": [0.1864, 0.2114, 0.1895, 0.1964, 0.2371], "Mean Per Epoch": [-0.0009896863484755158, -0.0009432088118046522, -0.0008005178533494473, -0.0006293856422416866, -0.0004907764960080385, -0.00039564911276102066, -0.00032465244294144213, -0.00027320149820297956, -0.00023402013175655156, -0.00020091824990231544, -0.00017213339742738754, -0.00014673445548396558, -0.00012490928929764777, -0.00010549983562668785, -8.832096500555053e-05, -7.288732012966648e-05, -5.90286981605459e-05, -4.6307843149406835e-05, -3.496278077363968e-05, -2.4654515073052607e-05, -1.5288513168343343e-05, -0.0005362804513424635, -0.0006492743268609047, -0.0006483441684395075, -0.000618361693341285, -0.00058402941795066, -0.0005585434264503419, -0.0005376953049562871, -0.0005209817900322378, -0.0005075106746517122, -0.0004965607658959925, -0.0004871318524237722, -0.000479378504678607, -0.00047255074605345726, -0.0004669001791626215, -0.0004618388193193823, -0.0004569359589368105, -0.0004528168065007776, -0.00044913962483406067, -0.00044601139961741865, -0.000442868476966396, -0.0007255256059579551, -0.0006259648944251239, -0.0005050050676800311, -0.00042010415927506983, -0.00036070169880986214, -0.0003158838953822851, -0.00028166663832962513, -0.0002543354348745197, -0.00023146548483055085, -0.00021164328791201115, -0.00019501708447933197, -0.0001804140192689374, -0.00016759964637458324, -0.00015613150026183575, -0.00014605505566578358, -0.0001370491663692519, -0.0001288470084546134, -0.00012126215733587742, -0.00011457534128567204, -0.00010813601693371311, -0.00017547902825754136, 0.00011255274148425087, 0.00028189492877572775, 0.0003833419468719512, 0.0004504811076913029, 0.0004993059555999935, 0.0005381387309171259, 0.0005693318671546876, 0.0005944111035205424, 0.000616309407632798, 0.0006343750865198672, 0.0006506222416646779, 0.0006651589646935463, 0.0006782218697480857, 0.0006903046742081642, 0.0007012475398369133, 0.0007112856837920845, 0.000720642798114568, 0.0007293073576875031, 0.0007374856504611671, 0.0004404161882121116, 0.00045546164619736373, 0.0005931022460572422, 0.0006832584622316062, 0.000751088431570679, 0.0008063041605055332, 0.0008479201351292431, 0.0008842705865390599, 0.0009139953763224185, 0.0009389470797032118, 0.0009617413743399084, 0.0009810650954023004, 0.0009978660382330418, 0.0010127612622454762, 0.001025798381306231, 0.0010382274631410837, 0.001049139886163175, 0.001059042988345027, 0.0010689845075830817], "Std Per Epoch": [0.009999998845160007, 0.010022690519690514, 0.010006147436797619, 0.010030320845544338, 0.010019966401159763, 0.010025118477642536, 0.010019616223871708, 0.010018032975494862, 0.01001578476279974, 0.010017761029303074, 0.010019342415034771, 0.010018403641879559, 0.010016870684921741, 0.010016378946602345, 0.010015965439379215, 0.010016066953539848, 0.01001579686999321, 0.010014648549258709, 0.01001357939094305, 0.010012789629399776, 0.010012623853981495, 0.009974834509193897, 0.009963792748749256, 0.009966597892343998, 0.00996561348438263, 0.009967147372663021, 0.009964928962290287, 0.009963907301425934, 0.009963310323655605, 0.009961158968508244, 0.009962569922208786, 0.009961285628378391, 0.009960814379155636, 0.00996026024222374, 0.009960229508578777, 0.009960638359189034, 0.009961004368960857, 0.009960168041288853, 0.009959622286260128, 0.009959323331713676, 0.00995860155671835, 0.009900996461510658, 0.009893245063722134, 0.009897046722471714, 0.009903805330395699, 0.00990317016839981, 0.009902514517307281, 0.009900555945932865, 0.009900243021547794, 0.009901155717670918, 0.009900039993226528, 0.009900280274450779, 0.009899529628455639, 0.009899026714265347, 0.009897761046886444, 0.00989732425659895, 0.00989725161343813, 0.009896446019411087, 0.009896242059767246, 0.009895586408674717, 0.009894448332488537, 0.009897858835756779, 0.009896751493215561, 0.009887892752885818, 0.009888972155749798, 0.009887796826660633, 0.009885814972221851, 0.009887798689305782, 0.00988698098808527, 0.009885011240839958, 0.009884078986942768, 0.009883192367851734, 0.009883151389658451, 0.009882256388664246, 0.009882137179374695, 0.009882104583084583, 0.00988309271633625, 0.009883101098239422, 0.009881488047540188, 0.009881481528282166, 0.00988100003451109, 0.009912626817822456, 0.00993733573704958, 0.009926085360348225, 0.009922104887664318, 0.009923712350428104, 0.009921079501509666, 0.009919289499521255, 0.00992031954228878, 0.00991764385253191, 0.009916930459439754, 0.009916618466377258, 0.009916868060827255, 0.009915572591125965, 0.009913820773363113, 0.009912596084177494, 0.009913603775203228, 0.009914972819387913, 0.009913665242493153, 0.009913797490298748], "_timestamp": 1693346417.9420555, "_runtime": 203.26876640319824, "_step": 0, "_wandb": {"runtime": 201}}