{"Test Accuracy": [0.1998, 0.1949, 0.1902, 0.1969, 0.1963], "Mean Per Epoch": [0.0009867032058537006, 0.0010581758106127381, 0.0014994958182796836, 0.0019065984524786472, 0.002087734406813979, 0.0021817570086568594, 0.0022417709697037935, 0.0022869103122502565, 0.0023182618897408247, 0.0023430141154676676, 0.0023617097176611423, 0.002376581309363246, 0.0023872663732618093, 0.0023971691261976957, 0.0024056241381913424, 0.00241357134655118, 0.0024208540562540293, 0.0024248978588730097, 0.002430317457765341, 0.002434466267004609, 0.00243836990557611, 0.002282985718920827, 0.0023918047081679106, 0.0025295449886471033, 0.0026316100265830755, 0.002697771182283759, 0.0027468528132885695, 0.0027829257305711508, 0.0028155380859971046, 0.00284095318056643, 0.0028615191113203764, 0.002879360457882285, 0.002895030193030834, 0.002908977447077632, 0.0029214005917310715, 0.002931141061708331, 0.0029413001611828804, 0.0029495202470570803, 0.0029576171655207872, 0.0029646996408700943, 0.002971154870465398, 0.0024090451188385487, 0.002507848897948861, 0.0026064792182296515, 0.002675320953130722, 0.002714696107432246, 0.0027336489874869585, 0.0027477622497826815, 0.0027552060782909393, 0.0027606480289250612, 0.0027639642357826233, 0.002763863420113921, 0.0027662080246955156, 0.0027636762242764235, 0.002761405659839511, 0.002760394476354122, 0.002757244510576129, 0.00275562540628016, 0.0027542756870388985, 0.002750365063548088, 0.0027484179008752108, 0.0022125770337879658, 0.002279256470501423, 0.0023969935718923807, 0.002470455365255475, 0.0025297768879681826, 0.0025754435919225216, 0.0026092540938407183, 0.0026371057610958815, 0.002660424681380391, 0.0026802613865584135, 0.0026963623240590096, 0.0027097605634480715, 0.002723301760852337, 0.002734780078753829, 0.0027452989015728235, 0.002754196524620056, 0.0027626131195575, 0.0027695586904883385, 0.002776268171146512, 0.002782752038910985, 0.0021492959931492805, 0.0020559949334710836, 0.002006515162065625, 0.0020334876608103514, 0.0020612478256225586, 0.00208089966326952, 0.002096771029755473, 0.0021111592650413513, 0.002124218503013253, 0.002136645605787635, 0.002147844759747386, 0.0021583905909210443, 0.0021671950817108154, 0.0021751748863607645, 0.0021823877468705177, 0.002189378486946225, 0.0021956705022603273, 0.0022014197893440723, 0.002206617733463645], "Std Per Epoch": [0.009999998845160007, 0.010007739067077637, 0.010052317753434181, 0.010027402080595493, 0.010016310028731823, 0.010017522610723972, 0.010016859509050846, 0.010016132146120071, 0.010014661587774754, 0.010013395920395851, 0.010012279264628887, 0.010013137944042683, 0.01001206785440445, 0.010011071339249611, 0.0100091015920043, 0.01000767108052969, 0.01000726968050003, 0.010005771182477474, 0.010006684809923172, 0.010005519725382328, 0.010005852207541466, 0.010025388561189175, 0.010057433508336544, 0.010057282634079456, 0.010055427439510822, 0.01004926860332489, 0.010049673728644848, 0.01004866510629654, 0.010049205273389816, 0.010047412477433681, 0.010046894662082195, 0.010045045055449009, 0.010044889524579048, 0.010043586604297161, 0.010042957030236721, 0.010042643174529076, 0.01004187110811472, 0.010041329078376293, 0.01004064828157425, 0.01003983337432146, 0.010039047338068485, 0.010062535293400288, 0.010080089792609215, 0.010072357952594757, 0.010072051547467709, 0.0100673483684659, 0.010061011649668217, 0.01005962211638689, 0.01005666982382536, 0.010054636746644974, 0.010055611841380596, 0.01005555409938097, 0.010054551996290684, 0.010052028112113476, 0.01005377247929573, 0.01005357876420021, 0.010052643716335297, 0.010052729398012161, 0.010051249526441097, 0.010051186196506023, 0.010052180849015713, 0.010081195272505283, 0.010095763020217419, 0.010105418041348457, 0.010102481581270695, 0.010108144953846931, 0.010110192932188511, 0.010111109353601933, 0.010109562426805496, 0.010108653455972672, 0.010106945410370827, 0.010105189867317677, 0.010103374719619751, 0.01010256540030241, 0.01010135468095541, 0.010102257132530212, 0.010101142339408398, 0.0101000452414155, 0.010100830346345901, 0.010100547224283218, 0.010100818239152431, 0.010140485130250454, 0.010134623385965824, 0.010139797814190388, 0.0101425526663661, 0.010141759179532528, 0.010135838761925697, 0.010134582407772541, 0.010130607523024082, 0.010130651295185089, 0.01012990903109312, 0.010130715556442738, 0.010127618908882141, 0.010126004926860332, 0.01012521144002676, 0.010126495733857155, 0.010127491317689419, 0.010126902721822262, 0.01012643426656723, 0.010124797001481056], "_timestamp": 1693379783.188601, "_runtime": 206.36522102355957, "_step": 0, "_wandb": {"runtime": 205}}