{"Test Accuracy": [0.1994, 0.1968, 0.2448, 0.2014, 0.1996], "Mean Per Epoch": null, "Std Per Epoch": null, "_timestamp": 1693361677.0170295, "_runtime": 117.78610754013062, "_step": 0, "_wandb": {"runtime": 116}}