{"Test Accuracy": [0.1183, 0.1208, 0.125, 0.1198, 0.1229], "Mean Per Epoch": null, "Std Per Epoch": null, "_timestamp": 1693345081.098217, "_runtime": 1291.7080969810486, "_step": 0, "_wandb": {"runtime": 1290}}