{"Test Accuracy": [0.1908, 0.1859, 0.2002, 0.2074, 0.215], "Mean Per Epoch": null, "Std Per Epoch": null, "_timestamp": 1693390830.1733365, "_runtime": 127.42423558235168, "_step": 0, "_wandb": {"runtime": 126}}