{"Test Accuracy": [0.189, 0.208, 0.2004, 0.1954, 0.2336], "Mean Per Epoch": null, "Std Per Epoch": null, "_timestamp": 1693382776.4348536, "_runtime": 117.6855616569519, "_step": 0, "_wandb": {"runtime": 116}}