{"Test Accuracy": [0.1569, 0.1507, 0.3378, 0.3734, 0.5285], "Mean Per Epoch": [-0.0037890931125730276, -0.003800132079049945, -0.0038106415886431932, -0.0038207548204809427, -0.003830443136394024, -0.003839678829535842, -0.003848501481115818, -0.0038569571916013956, -0.0038650380447506905, -0.0038726322818547487, -0.003879944095388055, -0.0038869583513587713, -0.003893369110301137, -0.003899506526067853, -0.003905421355739236, -0.003910957369953394, -0.003915884997695684, -0.0039203837513923645, -0.0039245737716555595, -0.003928388934582472, -0.003932040184736252, -0.003935995511710644, -0.003940556664019823, -0.003944722935557365, -0.003949380479753017, -0.003953519742935896, -0.003957442007958889, -0.003961467184126377, -0.0039650374092161655, -0.003968385048210621, -0.003971833270043135, -0.0039753965102136135, -0.003978913649916649, -0.003982326481491327, -0.00398538401350379, -0.003988345619291067, -0.0039913710206747055, -0.0039940569549798965, -0.003996495623141527, -0.003998691216111183, -0.004000960383564234, -0.00400168402120471, -0.004002493340522051, -0.004006148781627417, -0.004010574426501989, -0.0040152473375201225, -0.004019450396299362, -0.004023467656224966, -0.004027500282973051, -0.004031418357044458, -0.004034861922264099, -0.004038136452436447, -0.0040414039976894855, -0.00404428830370307, -0.004046780988574028, -0.004049090202897787, -0.0040511442348361015, -0.004053079057484865, -0.004054967314004898, -0.0040567535907030106, -0.004058235324919224, -0.004060510080307722, -0.004065020475536585, -0.004069447983056307, -0.004073197487741709, -0.004076347220689058, -0.004078153986483812, -0.004079234320670366, -0.004080418962985277, -0.0040802378207445145, -0.004081038758158684, -0.004082901868969202, -0.004084561485797167, -0.004086080472916365, -0.004087214823812246, -0.004087927285581827, -0.004088081885129213, -0.004087372217327356, -0.00408642552793026, -0.004085502587258816, -0.004083229694515467, -0.0040807584300637245, -0.004080628510564566, -0.004080044571310282, -0.004081389866769314, -0.00408138707280159, -0.00408171396702528, -0.004081441555172205, -0.004081983119249344, -0.004083333071321249, -0.004084576852619648, -0.00408633379265666, -0.004088143352419138, -0.004089463967829943, -0.00408926559612155, -0.0040893093682825565, -0.004088457673788071, -0.004088867921382189, -0.004088477231562138, -0.004088496323674917], "Std Per Epoch": [0.01100000087171793, 0.011008304543793201, 0.010998375713825226, 0.010943285189568996, 0.010960971005260944, 0.010946261696517467, 0.010971047915518284, 0.010977461002767086, 0.010952379554510117, 0.0109480582177639, 0.010935659520328045, 0.010945837013423443, 0.01096808910369873, 0.01092689111828804, 0.010912757366895676, 0.0109293507412076, 0.010952497832477093, 0.010952315293252468, 0.010966396890580654, 0.01096045970916748, 0.010970703326165676, 0.010987606830894947, 0.011000934056937695, 0.010976825840771198, 0.01097265724092722, 0.010981484316289425, 0.011001653969287872, 0.010963712818920612, 0.01100122183561325, 0.010969280265271664, 0.010927173309028149, 0.010901562869548798, 0.010923841036856174, 0.010930514894425869, 0.010935206897556782, 0.010921396315097809, 0.010919063352048397, 0.010933670215308666, 0.010906900279223919, 0.010900926776230335, 0.010900955647230148, 0.010988091118633747, 0.010965150780975819, 0.010925732553005219, 0.010863577015697956, 0.01087729912251234, 0.010886373929679394, 0.010861046612262726, 0.01085498183965683, 0.010832677595317364, 0.010823418386280537, 0.010815597139298916, 0.010811681859195232, 0.010811627842485905, 0.01081055123358965, 0.010820978321135044, 0.01081742811948061, 0.01080284733325243, 0.010779359377920628, 0.010783783160150051, 0.010775608010590076, 0.010773747228085995, 0.010772887617349625, 0.01077203918248415, 0.010797909460961819, 0.010792184621095657, 0.010868296958506107, 0.010846585966646671, 0.010892766527831554, 0.010872170329093933, 0.010822095908224583, 0.010819029062986374, 0.010818219743669033, 0.01080885250121355, 0.01081658061593771, 0.010855247266590595, 0.010890242643654346, 0.010898192413151264, 0.010933141224086285, 0.010933597572147846, 0.01101524755358696, 0.011000377126038074, 0.011069663800299168, 0.011053257621824741, 0.011056933552026749, 0.01110584195703268, 0.011139766313135624, 0.011172804050147533, 0.011110802181065083, 0.011069397442042828, 0.011053790338337421, 0.011027256958186626, 0.011022951453924179, 0.010999076068401337, 0.011027082800865173, 0.010992380790412426, 0.011041081510484219, 0.011050082743167877, 0.011046032421290874, 0.011025257408618927], "_timestamp": 1693351502.2251525, "_runtime": 213.0957064628601, "_step": 0, "_wandb": {"runtime": 211}}