{"Test Accuracy": [0.1997, 0.1999, 0.1936, 0.2145, 0.1862], "Mean Per Epoch": null, "Std Per Epoch": null, "_timestamp": 1693343358.0408986, "_runtime": 126.86358952522278, "_step": 0, "_wandb": {"runtime": 125}}