{"Test Accuracy": [0.1981, 0.2017, 0.196, 0.1983, 0.1984], "Mean Per Epoch": null, "Std Per Epoch": null, "_timestamp": 1693395763.5951672, "_runtime": 118.20572209358215, "_step": 0, "_wandb": {"runtime": 116}}