{"Test Accuracy": [0.1096, 0.1112, 0.1104, 0.1122, 0.108], "Mean Per Epoch": null, "Std Per Epoch": null, "_timestamp": 1693392565.0378394, "_runtime": 1301.637947320938, "_step": 0, "_wandb": {"runtime": 1300}}