{"Test Accuracy": [0.1766, 0.227, 0.2997, 0.4291, 0.4499], "Mean Per Epoch": [0.00030157071887515485, 0.00029034947510808706, 0.0002799784706439823, 0.00027021029382012784, 0.0002605813497211784, 0.000251777091762051, 0.00024376848887186497, 0.00023640230938326567, 0.00022905478544998914, 0.00022195458586793393, 0.00021556539286393672, 0.00020964164286851883, 0.00020430613949429244, 0.00019948238332290202, 0.00019495724700391293, 0.00019066636741627008, 0.00018681497022043914, 0.0001826872321544215, 0.0001788126101018861, 0.00017496233340352774, 0.00017139191913884133, 0.0001706423208815977, 0.00016933823644649237, 0.00016743580636102706, 0.00016569292347412556, 0.00016419596795458347, 0.00016213716298807412, 0.00015982722106855363, 0.00015741419338155538, 0.0001552078902022913, 0.00015326256107073277, 0.00015140383038669825, 0.0001502210507169366, 0.0001497844496043399, 0.00015055050607770681, 0.00015248831186909229, 0.00015454452659469098, 0.00015624675143044442, 0.00015958980657160282, 0.00016716418031137437, 0.00017425026453565806, 0.0001690708304522559, 0.00015924892795737833, 0.00014861735689919442, 0.00013679968833457679, 0.00012650662392843515, 0.00011716786684701219, 0.00010914056474575773, 0.00010183321865042672, 9.584186045685783e-05, 9.048578795045614e-05, 8.512280328432098e-05, 8.006580173969269e-05, 7.512408774346113e-05, 7.043414370855317e-05, 6.577081512659788e-05, 6.115805445006117e-05, 5.659406815539114e-05, 5.200893428991549e-05, 4.7488720156252384e-05, 4.309345968067646e-05, 4.1210558265447617e-05, 3.572646528482437e-05, 2.9670694857486524e-05, 2.317739745194558e-05, 1.5138066373765469e-05, 7.1678077802062035e-06, -1.0029179975390434e-06, -8.21818412077846e-06, -1.5254093341354746e-05, -2.2573085516341962e-05, -2.999328171426896e-05, -3.7607464037137106e-05, -4.446423190529458e-05, -5.092080027679913e-05, -5.777300611953251e-05, -6.395782111212611e-05, -6.947249494260177e-05, -7.460336200892925e-05, -7.877298776293173e-05, -8.264180360129103e-05, -8.510221960023046e-05, -9.015019895741716e-05, -9.592294372851029e-05, -0.0001018733237287961, -0.00010793714318424463, -0.00011383528908481821, -0.00011888654989888892, -0.0001232475187862292, -0.00012771972978953272, -0.0001330082886852324, -0.00013778430002275854, -0.00014199221914168447, -0.00014562597789335996, -0.00014979310799390078, -0.00015422709111589938, -0.0001583694393048063, -0.00016192044131457806, -0.00016634369967505336, -0.00017084831779357046], "Std Per Epoch": [0.01100000087171793, 0.011016775853931904, 0.011026390828192234, 0.010997532866895199, 0.011030834168195724, 0.011040128767490387, 0.011036038398742676, 0.011017224751412868, 0.010983909480273724, 0.010996808297932148, 0.011016988195478916, 0.011015844531357288, 0.011035396717488766, 0.011037614196538925, 0.011051828972995281, 0.01107348408550024, 0.011030717752873898, 0.01100130658596754, 0.010988938622176647, 0.01096319779753685, 0.010995679534971714, 0.010961943306028843, 0.010979854501783848, 0.010984019376337528, 0.010964431799948215, 0.010938244871795177, 0.010956675745546818, 0.010925892740488052, 0.010912477038800716, 0.01092969998717308, 0.010909602046012878, 0.010915372520685196, 0.010919312946498394, 0.010971142910420895, 0.011017377488315105, 0.011051668785512447, 0.010981409810483456, 0.010996207594871521, 0.011128527112305164, 0.011221099644899368, 0.011251766234636307, 0.011245951056480408, 0.011229626834392548, 0.011282618157565594, 0.011273205280303955, 0.01114924531430006, 0.011140462942421436, 0.01111333817243576, 0.011081629432737827, 0.011008981615304947, 0.010978206060826778, 0.010936696082353592, 0.010927458293735981, 0.010933331213891506, 0.010938242077827454, 0.010996433906257153, 0.011044886894524097, 0.011036940850317478, 0.011027858592569828, 0.011041340418159962, 0.011046294122934341, 0.011106244288384914, 0.011099369265139103, 0.011095236986875534, 0.011110108345746994, 0.011109805665910244, 0.01104510948061943, 0.011034826748073101, 0.011013549752533436, 0.011004548519849777, 0.01105969026684761, 0.011006644926965237, 0.011073239147663116, 0.010985375382006168, 0.011015105061233044, 0.011011101305484772, 0.010995514690876007, 0.010989596135914326, 0.010962206870317459, 0.010926795192062855, 0.010918947868049145, 0.010937739163637161, 0.010895666666328907, 0.010861619375646114, 0.010837971232831478, 0.010887387208640575, 0.010918322019279003, 0.010953273624181747, 0.010963350534439087, 0.010961218737065792, 0.010984140448272228, 0.010977213270962238, 0.010990418493747711, 0.011040396057069302, 0.011038987897336483, 0.011049267835915089, 0.011046904139220715, 0.011083790101110935, 0.011078662239015102, 0.011090620420873165], "_timestamp": 1693340924.5884292, "_runtime": 212.97953915596008, "_step": 0, "_wandb": {"runtime": 211}}