{"Test Accuracy": [0.1981, 0.2017, 0.1961, 0.1992, 0.1984], "Mean Per Epoch": null, "Std Per Epoch": null, "_timestamp": 1693396134.414856, "_runtime": 126.63383293151855, "_step": 0, "_wandb": {"runtime": 125}}