{"Test Accuracy": [0.189, 0.1983, 0.1975, 0.1928, 0.2169], "Mean Per Epoch": null, "Std Per Epoch": null, "_timestamp": 1693382654.175781, "_runtime": 110.00285196304321, "_step": 0, "_wandb": {"runtime": 108}}