{"Test Accuracy": [0.1887, 0.2136, 0.1908, 0.1973, 0.2466], "Mean Per Epoch": null, "Std Per Epoch": null, "_timestamp": 1693348639.472857, "_runtime": 126.61640191078186, "_step": 0, "_wandb": {"runtime": 125}}