{"Test Accuracy": [0.1886, 0.2723, 0.2662, 0.4092, 0.4084], "Mean Per Epoch": [-0.001439604558981955, -0.0014497911324724555, -0.0014595217071473598, -0.001468767412006855, -0.0014772278955206275, -0.001485364162363112, -0.0014929891331121325, -0.0015005016466602683, -0.0015073074027895927, -0.0015135593712329865, -0.001519223558716476, -0.0015243111411109567, -0.0015287837013602257, -0.0015332897892221808, -0.0015373994829133153, -0.0015410720370709896, -0.0015442421426996589, -0.0015470572980120778, -0.0015496226260438561, -0.0015517831780016422, -0.0015535606071352959, -0.0015593422576785088, -0.0015674536116421223, -0.0015753251500427723, -0.0015835636295378208, -0.0015918404096737504, -0.0015995772555470467, -0.0016074009472504258, -0.0016148337163031101, -0.0016219443641602993, -0.0016288085607811809, -0.0016354649560526013, -0.0016420435858890414, -0.0016483376966789365, -0.0016544869868084788, -0.0016603224212303758, -0.001666199415922165, -0.0016717343823984265, -0.0016770176589488983, -0.0016822870820760727, -0.0016871510306373239, -0.0016907494282349944, -0.0016958244377747178, -0.0017023225082084537, -0.0017089095199480653, -0.0017147912876680493, -0.0017208611825481057, -0.0017270888201892376, -0.0017329944530501962, -0.001738768070936203, -0.0017445717239752412, -0.0017503481358289719, -0.0017562241991981864, -0.0017622594023123384, -0.001768041285686195, -0.0017735095461830497, -0.001779003068804741, -0.0017842723755165935, -0.0017889710143208504, -0.0017933392664417624, -0.0017973914509639144, -0.00179994385689497, -0.001803722814656794, -0.0018027088372036815, -0.0017969583859667182, -0.0017721112817525864, -0.001738793565891683, -0.0016740154242143035, -0.0016527831321582198, -0.001646394026465714, -0.0016476012533530593, -0.0016505018575116992, -0.0016542623052373528, -0.0016573363682255149, -0.0016589686274528503, -0.0016585352132096887, -0.0016572714084759355, -0.0016555552138015628, -0.0016529964050278068, -0.0016484850784763694, -0.0016443984350189567, -0.0016431311378255486, -0.0016459105536341667, -0.0016505764797329903, -0.0016558404313400388, -0.001660916954278946, -0.0016656039515510201, -0.0016699428670108318, -0.00167417514603585, -0.0016781216254457831, -0.0016822944162413478, -0.001686498406343162, -0.0016909168334677815, -0.001694916863925755, -0.001698580919764936, -0.0017021941021084785, -0.0017058054218068719, -0.0017095739021897316, -0.001713055302388966, -0.0017160670831799507], "Std Per Epoch": [0.01100000087171793, 0.01102591771632433, 0.010997491888701916, 0.011002196930348873, 0.010954524390399456, 0.010962852276861668, 0.01095787063241005, 0.010935925878584385, 0.01092948392033577, 0.010942097753286362, 0.010953211225569248, 0.010968589223921299, 0.01094811037182808, 0.010933986864984035, 0.010950001887977123, 0.010959277860820293, 0.010968096554279327, 0.010963019914925098, 0.01098525058478117, 0.010975011624395847, 0.010981190949678421, 0.011000551283359528, 0.011026273481547832, 0.011020880192518234, 0.010985269211232662, 0.010952126234769821, 0.010939779691398144, 0.010941144078969955, 0.010960716754198074, 0.010934777557849884, 0.010931074619293213, 0.010941850952804089, 0.010943847708404064, 0.01098798681050539, 0.010984278284013271, 0.01097740139812231, 0.010973296128213406, 0.010956642217934132, 0.010968376882374287, 0.01094165537506342, 0.010937831364572048, 0.010951470583677292, 0.010978751815855503, 0.010912259109318256, 0.010927003808319569, 0.010915798135101795, 0.010931004770100117, 0.010940618813037872, 0.010990292765200138, 0.010927149094641209, 0.010925485752522945, 0.010923616588115692, 0.010921623557806015, 0.010906069539487362, 0.010882374830543995, 0.010909628123044968, 0.01096245739609003, 0.010948240756988525, 0.010963603854179382, 0.011007952503859997, 0.01101562101393938, 0.011003055609762669, 0.011023446917533875, 0.01122718770056963, 0.011352095752954483, 0.011325061321258545, 0.011928942985832691, 0.011524970643222332, 0.011372280307114124, 0.011111684143543243, 0.011041811667382717, 0.010986290872097015, 0.010939449071884155, 0.011003264226019382, 0.011018690653145313, 0.011080215685069561, 0.011071212589740753, 0.01109209656715393, 0.011152788065373898, 0.011163902468979359, 0.0111438212916255, 0.011161680333316326, 0.011151079088449478, 0.011142737232148647, 0.011133410967886448, 0.011064022779464722, 0.011033552698791027, 0.010999004356563091, 0.01097303256392479, 0.01098563987761736, 0.010957679711282253, 0.010974348522722721, 0.011012288741767406, 0.010948925279080868, 0.010979168117046356, 0.010944221168756485, 0.010975897312164307, 0.011008080095052719, 0.010988500900566578, 0.010968473739922047], "_timestamp": 1693319757.7734103, "_runtime": 210.09902620315552, "_step": 0, "_wandb": {"runtime": 208}}