{"Test Accuracy": [0.1994, 0.1987, 0.196, 0.202, 0.197], "Mean Per Epoch": null, "Std Per Epoch": null, "_timestamp": 1693330114.3771179, "_runtime": 126.83191084861755, "_step": 0, "_wandb": {"runtime": 125}}