{"Test Accuracy": [0.1983, 0.2612, 0.2041, 0.2182, 0.2236], "Mean Per Epoch": null, "Std Per Epoch": null, "_timestamp": 1693322026.9744852, "_runtime": 119.35050821304321, "_step": 0, "_wandb": {"runtime": 118}}