{"Test Accuracy": [0.189, 0.1984, 0.2134, 0.1977, 0.2245], "Mean Per Epoch": null, "Std Per Epoch": null, "_timestamp": 1693358929.5005422, "_runtime": 109.76152610778809, "_step": 0, "_wandb": {"runtime": 108}}