{"Test Accuracy": [0.1749, 0.2723, 0.3013, 0.4551, 0.4408], "Mean Per Epoch": [-0.0019007989903911948, -0.0019107982516288757, -0.0019205183489248157, -0.0019300449639558792, -0.001939135603606701, -0.0019478034228086472, -0.001956079388037324, -0.0019638885278254747, -0.0019713491201400757, -0.001978193176910281, -0.0019847156945616007, -0.0019909271504729986, -0.001996539533138275, -0.002001910237595439, -0.0020069468300789595, -0.002011744072660804, -0.0020162444561719894, -0.0020206838380545378, -0.0020248370710760355, -0.0020288166124373674, -0.0020326063968241215, -0.0020359514746814966, -0.0020406399853527546, -0.002045375993475318, -0.0020495180506259203, -0.0020540861878544092, -0.002058893209323287, -0.0020637698471546173, -0.0020682995673269033, -0.002072756178677082, -0.002076823962852359, -0.0020803753286600113, -0.0020839644130319357, -0.0020873777102679014, -0.002090745372697711, -0.0020934974309056997, -0.002095702802762389, -0.0020980481058359146, -0.0020997694227844477, -0.0021010409109294415, -0.002102212980389595, -0.0021034940145909786, -0.0021073531825095415, -0.0021109001245349646, -0.002113996772095561, -0.002117013558745384, -0.0021195753943175077, -0.002121542813256383, -0.0021224459633231163, -0.0021235309541225433, -0.0021242909133434296, -0.002125387080013752, -0.0021265873219817877, -0.0021278231870383024, -0.0021287575364112854, -0.0021298723295331, -0.002130799926817417, -0.002130998531356454, -0.002130369655787945, -0.0021297188941389322, -0.002129415748640895, -0.0021303072571754456, -0.002132687484845519, -0.0021351741161197424, -0.002137913601472974, -0.0021384337451308966, -0.0021342027466744184, -0.0021270562428981066, -0.002116809133440256, -0.002109432825818658, -0.0021040707360953093, -0.002096837852150202, -0.0020816621836274862, -0.002071581082418561, -0.002063287887722254, -0.0020538170356303453, -0.0020401098299771547, -0.002022357890382409, -0.0020045784767717123, -0.0019928477704524994, -0.001984602538868785, -0.0019859804306179285, -0.001991844503208995, -0.001997062237933278, -0.002003142610192299, -0.002009272575378418, -0.002014504512771964, -0.002019922249019146, -0.002024946268647909, -0.0020293763373047113, -0.0020342401694506407, -0.002039315178990364, -0.0020441003143787384, -0.002048441208899021, -0.0020518810488283634, -0.002054179785773158, -0.0020551830530166626, -0.002055863616988063, -0.0020553888753056526, -0.002053821925073862], "Std Per Epoch": [0.01100000087171793, 0.010971817187964916, 0.010986940003931522, 0.010976288467645645, 0.010978776961565018, 0.010983780026435852, 0.010998141020536423, 0.010993982665240765, 0.010972186923027039, 0.010972565971314907, 0.010946168564260006, 0.010913479141891003, 0.010914566926658154, 0.01090929750353098, 0.010901574045419693, 0.010904747061431408, 0.010917258448898792, 0.010905280709266663, 0.010937388986349106, 0.010939798317849636, 0.010952253825962543, 0.010958096943795681, 0.010962340049445629, 0.010965854860842228, 0.010920851491391659, 0.010902303270995617, 0.010873234830796719, 0.01086242962628603, 0.010851449333131313, 0.010858758352696896, 0.010859181173145771, 0.010847765021026134, 0.010828264988958836, 0.010836449451744556, 0.010851137340068817, 0.01086538564413786, 0.010870016179978848, 0.010871359147131443, 0.010884284973144531, 0.010874207131564617, 0.010843637399375439, 0.010844479314982891, 0.010861714370548725, 0.010823526419699192, 0.0108365872874856, 0.010845537297427654, 0.01084111351519823, 0.010912776924669743, 0.010911978781223297, 0.010886992327868938, 0.010887687094509602, 0.010864884592592716, 0.010796941816806793, 0.01081523671746254, 0.010781620629131794, 0.010764074511826038, 0.01079209242016077, 0.010842465795576572, 0.01084955409169197, 0.010816543363034725, 0.010822966694831848, 0.01087904255837202, 0.010916266590356827, 0.010897616855800152, 0.010926579125225544, 0.011116727255284786, 0.011137119494378567, 0.011216848157346249, 0.011269417591392994, 0.011249758303165436, 0.01129379402846098, 0.011484619230031967, 0.011414938606321812, 0.011476934887468815, 0.011459030210971832, 0.01153689157217741, 0.011545318178832531, 0.011772292666137218, 0.011735382489860058, 0.011386893689632416, 0.011440567672252655, 0.011397149413824081, 0.011466545052826405, 0.011477218009531498, 0.011456470936536789, 0.01142040267586708, 0.011375118046998978, 0.011360582895576954, 0.011444655247032642, 0.011521242558956146, 0.011542906053364277, 0.011478484608232975, 0.011496459133923054, 0.011461255140602589, 0.011470788158476353, 0.011487075127661228, 0.011532782576978207, 0.011547629721462727, 0.011599038727581501, 0.011733529157936573], "_timestamp": 1693387489.863708, "_runtime": 214.03136205673218, "_step": 0, "_wandb": {"runtime": 210}}