{"Test Accuracy": [0.1863, 0.1971, 0.213, 0.1944, 0.2114], "Mean Per Epoch": [0.003467768197879195, 0.0035842983052134514, 0.0037189519498497248, 0.0038673689123243093, 0.003963042516261339, 0.0040297782979905605, 0.004079311620444059, 0.004117061384022236, 0.0041466751135885715, 0.004171053878962994, 0.004191441927105188, 0.004207565449178219, 0.004221590701490641, 0.0042340983636677265, 0.004245130345225334, 0.004255187232047319, 0.00426391651853919, 0.004271725658327341, 0.0042789047583937645, 0.004285813774913549, 0.00429219426587224, 0.0038701165467500687, 0.003814050927758217, 0.0038332182448357344, 0.003865638514980674, 0.003902156837284565, 0.003931405488401651, 0.003955715801566839, 0.003976637963205576, 0.003994742874056101, 0.004010109230875969, 0.004023000597953796, 0.004033980425447226, 0.004043599124997854, 0.004052396863698959, 0.004060280509293079, 0.004067449364811182, 0.004073951859027147, 0.0040800427086651325, 0.004085254389792681, 0.004090245347470045, 0.00411255331709981, 0.004570456687361002, 0.005162244196981192, 0.00546739436686039, 0.005648540332913399, 0.0057697356678545475, 0.005860670004040003, 0.005930968094617128, 0.005988212302327156, 0.0060350666753947735, 0.006076328456401825, 0.006110867485404015, 0.006140171084553003, 0.006167571526020765, 0.006193128880113363, 0.0062161642126739025, 0.006235816050320864, 0.006254523992538452, 0.006271034479141235, 0.006287450436502695, 0.005165406968444586, 0.0046874177642166615, 0.004438584670424461, 0.0043304008431732655, 0.0042730835266411304, 0.0042350334115326405, 0.004207999911159277, 0.004187042359262705, 0.00416950648650527, 0.0041550830937922, 0.004141143057495356, 0.004129592329263687, 0.004118795040994883, 0.004108574707061052, 0.004100248217582703, 0.004092678427696228, 0.004084987100213766, 0.004078194499015808, 0.004071677103638649, 0.004065046552568674, 0.0036336800549179316, 0.003490477567538619, 0.003452216275036335, 0.0034622643142938614, 0.0034786416217684746, 0.0034939919132739305, 0.0035065431147813797, 0.0035178568214178085, 0.0035259462893009186, 0.003533352864906192, 0.003539551282301545, 0.003545692190527916, 0.003549627959728241, 0.0035537269432097673, 0.003557964926585555, 0.003561398247256875, 0.0035645782481878996, 0.003567341947928071, 0.0035699557047337294], "Std Per Epoch": [0.009999998845160007, 0.01000538095831871, 0.0100088557228446, 0.010012054815888405, 0.010004660114645958, 0.010002940893173218, 0.010002060793340206, 0.009997694753110409, 0.009999087080359459, 0.009995710104703903, 0.009994057938456535, 0.009992505423724651, 0.009991073049604893, 0.009991203434765339, 0.009990664198994637, 0.009991240687668324, 0.009990002028644085, 0.009989210404455662, 0.009988704696297646, 0.009988202713429928, 0.009987409226596355, 0.009986093267798424, 0.00999510008841753, 0.009985786862671375, 0.009983274154365063, 0.009979572147130966, 0.009976894594728947, 0.009978397749364376, 0.009977821260690689, 0.009976808913052082, 0.009975173510611057, 0.009973239153623581, 0.0099730109795928, 0.009973905049264431, 0.009973536245524883, 0.009974151849746704, 0.00997418537735939, 0.00997456256300211, 0.009974656626582146, 0.009975354187190533, 0.009975289925932884, 0.009987078607082367, 0.010026678442955017, 0.010048351250588894, 0.010045996867120266, 0.010047013871371746, 0.01005040667951107, 0.010051707737147808, 0.010048075579106808, 0.010047494433820248, 0.01004666555672884, 0.010046985000371933, 0.010047602467238903, 0.01004601176828146, 0.010046941228210926, 0.010047015734016895, 0.010048949159681797, 0.010048624128103256, 0.010048956610262394, 0.010049235075712204, 0.010048501193523407, 0.010040908120572567, 0.01006760261952877, 0.010096808895468712, 0.010090555995702744, 0.010092213749885559, 0.010090785101056099, 0.010092154145240784, 0.010090774856507778, 0.010088690556585789, 0.010086734779179096, 0.010085459798574448, 0.010083903558552265, 0.01008267980068922, 0.010081962682306767, 0.010081657208502293, 0.010080848820507526, 0.010080773383378983, 0.010079645551741123, 0.010078109800815582, 0.010077974759042263, 0.010072209872305393, 0.010080668143928051, 0.010069077834486961, 0.010076988488435745, 0.010078786872327328, 0.010078351013362408, 0.010077985003590584, 0.010078388266265392, 0.010077360086143017, 0.010076013393700123, 0.010075193829834461, 0.010075640864670277, 0.010074841789901257, 0.010076393373310566, 0.010075771249830723, 0.010074973106384277, 0.010076411999762058, 0.010076954960823059, 0.010076536796987057], "_timestamp": 1693356968.4918041, "_runtime": 203.77774715423584, "_step": 0, "_wandb": {"runtime": 202}}