{"Test Accuracy": [0.1981, 0.2017, 0.1961, 0.1991, 0.1984], "Mean Per Epoch": null, "Std Per Epoch": null, "_timestamp": 1693395881.7356384, "_runtime": 111.36269330978394, "_step": 0, "_wandb": {"runtime": 109}}