{"Test Accuracy": [0.1844, 0.1931, 0.1942, 0.2018, 0.2137], "Mean Per Epoch": null, "Std Per Epoch": null, "_timestamp": 1693377625.2076423, "_runtime": 126.96857237815857, "_step": 0, "_wandb": {"runtime": 125}}