{"Test Accuracy": [0.1888, 0.1838, 0.1912, 0.199, 0.2117], "Mean Per Epoch": [0.0002720499178394675, 0.000351316382875666, 0.0005015554488636553, 0.0006599531043320894, 0.0007649378967471421, 0.0008354277233593166, 0.0008897431544028223, 0.0009323720005340874, 0.0009693897445686162, 0.0009993594139814377, 0.0010252015199512243, 0.001047123339958489, 0.0010661282576620579, 0.0010833254782482982, 0.001098412903957069, 0.0011118343099951744, 0.001123670837841928, 0.0011344383237883449, 0.0011445709969848394, 0.0011537219397723675, 0.0011621868470683694, 0.0005623609176836908, 0.00036056898534297943, 0.00030931862420402467, 0.0003197757469024509, 0.0003358286339789629, 0.0003492108953651041, 0.00036059771082364023, 0.00037115000304766, 0.00038024145760573447, 0.00038826416130177677, 0.0003942075709346682, 0.00039900874253362417, 0.0004049935669172555, 0.00040898413863033056, 0.0004128911532461643, 0.00041674982639960945, 0.00041910121217370033, 0.000421958597144112, 0.0004238513356540352, 0.0004259296983946115, 0.00022727739997208118, 0.000359132798621431, 0.00046945145004428923, 0.0005685629439540207, 0.0006364252767525613, 0.0006813409272581339, 0.0007148017757572234, 0.0007402112823911011, 0.0007587643922306597, 0.0007739872089587152, 0.0007865614606998861, 0.0007968925056047738, 0.0008073593489825726, 0.0008153365924954414, 0.0008218903676606715, 0.0008277831948362291, 0.0008331462158821523, 0.0008374066092073917, 0.0008425016421824694, 0.0008466888102702796, 0.00036090848152525723, 0.0004302123561501503, 0.0005447797593660653, 0.0006218375638127327, 0.0006733790505677462, 0.0007102169911377132, 0.0007385365315712988, 0.0007614906062372029, 0.0007805917412042618, 0.0007961492519825697, 0.000809702614787966, 0.0008214963017962873, 0.000831604702398181, 0.000840959430206567, 0.0008492315537296236, 0.0008566360338591039, 0.0008635654230602086, 0.0008695593569427729, 0.0008752681314945221, 0.0008805624675005674, 0.0005384714459069073, 0.0007860218174755573, 0.0010590770980343223, 0.001193625503219664, 0.0012777604861184955, 0.0013380931923165917, 0.0013817689614370465, 0.0014172295341268182, 0.0014460030943155289, 0.001469902810640633, 0.001488930662162602, 0.0015065354527905583, 0.001520199584774673, 0.0015329713933169842, 0.0015443852171301842, 0.0015541213797405362, 0.0015631141141057014, 0.001571469008922577, 0.0015794181963428855], "Std Per Epoch": [0.009999998845160007, 0.00998744461685419, 0.010004064999520779, 0.010017014108598232, 0.010010401718318462, 0.010009030811488628, 0.010008851997554302, 0.0100091015920043, 0.010011224076151848, 0.010009714402258396, 0.010008533485233784, 0.010007217526435852, 0.010007018223404884, 0.010006824508309364, 0.010005746968090534, 0.010005120187997818, 0.01000574603676796, 0.010006063617765903, 0.0100059499964118, 0.010006063617765903, 0.010005735792219639, 0.009989969432353973, 0.009982622228562832, 0.010000611655414104, 0.009998579509556293, 0.009996138513088226, 0.009992464445531368, 0.00998967606574297, 0.009989388287067413, 0.009989886544644833, 0.009988142177462578, 0.00998765230178833, 0.009987090714275837, 0.009986355900764465, 0.009988709352910519, 0.009988502599298954, 0.009987805970013142, 0.009988924488425255, 0.009986413642764091, 0.009986364282667637, 0.009985786862671375, 0.010000278241932392, 0.009989755228161812, 0.009990356862545013, 0.00998844113200903, 0.009978232905268669, 0.00997611042112112, 0.009977924637496471, 0.00997744221240282, 0.009979083202779293, 0.00997933093458414, 0.009979605674743652, 0.009980536065995693, 0.009981807321310043, 0.009979885071516037, 0.009979172609746456, 0.00997853372246027, 0.009975280612707138, 0.00997519213706255, 0.009975436143577099, 0.00997553113847971, 0.009971368126571178, 0.00998077541589737, 0.009979558177292347, 0.009975587949156761, 0.009970648214221, 0.009969166480004787, 0.009969267062842846, 0.00996755063533783, 0.009966542944312096, 0.009965239092707634, 0.00996505469083786, 0.009965007193386555, 0.009964901022613049, 0.009965167380869389, 0.009964422322809696, 0.009963886812329292, 0.009962820447981358, 0.009962812066078186, 0.009962290525436401, 0.009962202049791813, 0.010002103634178638, 0.010022779926657677, 0.009992002509534359, 0.009988156147301197, 0.009990380145609379, 0.00999017059803009, 0.009989292360842228, 0.009989622049033642, 0.009989572688937187, 0.009989476762712002, 0.009988276287913322, 0.009986554272472858, 0.009985080920159817, 0.009985503740608692, 0.009986525401473045, 0.00998516846448183, 0.009985263459384441, 0.009985369630157948, 0.009984259493649006], "_timestamp": 1693390338.614238, "_runtime": 204.44075107574463, "_step": 0, "_wandb": {"runtime": 203}}