{"Test Accuracy": [0.1994, 0.186, 0.2153, 0.1941, 0.1997], "Mean Per Epoch": null, "Std Per Epoch": null, "_timestamp": 1693361806.2095964, "_runtime": 125.6229465007782, "_step": 0, "_wandb": {"runtime": 124}}