{"Test Accuracy": [0.1887, 0.2136, 0.1908, 0.1973, 0.2461], "Mean Per Epoch": null, "Std Per Epoch": null, "_timestamp": 1693348383.8845134, "_runtime": 109.69725346565247, "_step": 0, "_wandb": {"runtime": 108}}