{"Test Accuracy": [0.189, 0.1984, 0.2134, 0.1976, 0.2234], "Mean Per Epoch": null, "Std Per Epoch": null, "_timestamp": 1693358816.473683, "_runtime": 117.26327800750732, "_step": 0, "_wandb": {"runtime": 115}}