{"Test Accuracy": [0.1872, 0.2154, 0.1929, 0.2036, 0.2485], "Mean Per Epoch": null, "Std Per Epoch": null, "_timestamp": 1693387934.588301, "_runtime": 111.29182982444763, "_step": 0, "_wandb": {"runtime": 109}}