{"Test Accuracy": [0.091, 0.0891, 0.0871, 0.0896, 0.0866], "Mean Per Epoch": null, "Std Per Epoch": null, "_timestamp": 1693360895.9843788, "_runtime": 1287.8122699260712, "_step": 0, "_wandb": {"runtime": 1286}}