{"Test Accuracy": [0.1053, 0.1068, 0.109, 0.1078, 0.1067], "Mean Per Epoch": null, "Std Per Epoch": null, "_timestamp": 1693323895.1931186, "_runtime": 1308.8635535240173, "_step": 0, "_wandb": {"runtime": 1307}}