{"Test Accuracy": [0.207, 0.3404, 0.3849, 0.3111, 0.3292], "Mean Per Epoch": [-0.0006689119036309421, -0.0006814936059527099, -0.0006937726284377277, -0.0007056426838971674, -0.0007170664030127227, -0.0007279401179403067, -0.0007385482895188034, -0.0007487773546017706, -0.000758311478421092, -0.0007674670778214931, -0.0007762096356600523, -0.0007844303618185222, -0.0007923792582005262, -0.0007997470092959702, -0.0008065875736065209, -0.0008130657370202243, -0.0008194367401301861, -0.0008251836406998336, -0.0008304485236294568, -0.0008353804587386549, -0.0008403623360209167, -0.0008423576946370304, -0.0008453016635030508, -0.0008486383594572544, -0.0008518898393958807, -0.0008546983008272946, -0.0008571227663196623, -0.000859427556861192, -0.0008612954989075661, -0.000862879678606987, -0.0008645816706120968, -0.0008661341271363199, -0.0008678017184138298, -0.0008693246636539698, -0.0008706696680746973, -0.000871732656378299, -0.0008723399951122701, -0.000871994998306036, -0.0008709595422260463, -0.0008688532398082316, -0.0008663315675221384, -0.0008692480623722076, -0.0008751885034143925, -0.0008811058942228556, -0.0008868985460139811, -0.0008925096481107175, -0.0008975658565759659, -0.0009021770674735308, -0.0009062327444553375, -0.0009095133864320815, -0.0009122677729465067, -0.0009149052784778178, -0.0009179434855468571, -0.0009208758710883558, -0.0009240267681889236, -0.0009271975141018629, -0.0009300070814788342, -0.0009330508182756603, -0.0009360814583487809, -0.0009395577944815159, -0.0009428821504116058, -0.0009488341747783124, -0.0009563891217112541, -0.000963604252319783, -0.000969595042988658, -0.0009745903662405908, -0.0009798625251278281, -0.0009855633834376931, -0.0009917353745549917, -0.000998408650048077, -0.0010052673751488328, -0.0010110375005751848, -0.0010160747915506363, -0.00102047820109874, -0.0010244481964036822, -0.0010275632375851274, -0.0010299517307430506, -0.0010325127514079213, -0.0010352894896641374, -0.0010380004532635212, -0.0010404444765299559, -0.0010435768635943532, -0.0010493219597265124, -0.0010555736953392625, -0.0010620193788781762, -0.0010679749539121985, -0.001073335064575076, -0.0010780149605125189, -0.001082520349882543, -0.0010867483215406537, -0.001090402714908123, -0.0010935706086456776, -0.0010969453724101186, -0.0011000741505995393, -0.001102832262404263, -0.0011055131908506155, -0.0011081561679020524, -0.001110540353693068, -0.0011127495672553778, -0.0011148181511089206], "Std Per Epoch": [0.01100000087171793, 0.010964381508529186, 0.01092943549156189, 0.010893519036471844, 0.01089231576770544, 0.010895875282585621, 0.010923373512923717, 0.010934955440461636, 0.010923471301794052, 0.010924090631306171, 0.010908846743404865, 0.0109354667365551, 0.010948373936116695, 0.010978189297020435, 0.010993302799761295, 0.010986278764903545, 0.011007891036570072, 0.011010807938873768, 0.010974743403494358, 0.010918848216533661, 0.010881390422582626, 0.010865663178265095, 0.010869696736335754, 0.010868477635085583, 0.010872729122638702, 0.010901662521064281, 0.010885480791330338, 0.010905918665230274, 0.010886147618293762, 0.010894729755818844, 0.010879513807594776, 0.01090183388441801, 0.010889310389757156, 0.01084491889923811, 0.010828223079442978, 0.010861575603485107, 0.010895284824073315, 0.010943520814180374, 0.0109373414888978, 0.010984295047819614, 0.010963473469018936, 0.010940790176391602, 0.01091868057847023, 0.010909292846918106, 0.010912404395639896, 0.01091818232089281, 0.010972853749990463, 0.011031673289835453, 0.011056825518608093, 0.01105546671897173, 0.011036788113415241, 0.011003701947629452, 0.010971889831125736, 0.010951347649097443, 0.010959130711853504, 0.010961185209453106, 0.011008452624082565, 0.011002483777701855, 0.011053034104406834, 0.011037317104637623, 0.011026021093130112, 0.010997680015861988, 0.010960925370454788, 0.01100972294807434, 0.011025537736713886, 0.011056718416512012, 0.011075119487941265, 0.011095888912677765, 0.011077345348894596, 0.011059424839913845, 0.011056662537157536, 0.011050022207200527, 0.01104664709419012, 0.011034484021365643, 0.01102775614708662, 0.011030115187168121, 0.011070630513131618, 0.011037630029022694, 0.011016740463674068, 0.011080420576035976, 0.011067204177379608, 0.011080347932875156, 0.011072645895183086, 0.011082048527896404, 0.011037461459636688, 0.011106286197900772, 0.011087189428508282, 0.011090363375842571, 0.011044849641621113, 0.011002526618540287, 0.010981225408613682, 0.010971292853355408, 0.010972431860864162, 0.010972373187541962, 0.010980363003909588, 0.011002647690474987, 0.010954867117106915, 0.010957679711282253, 0.010953995399177074, 0.010962561704218388], "_timestamp": 1693391049.5587168, "_runtime": 214.47033786773682, "_step": 0, "_wandb": {"runtime": 212}}