{"Test Accuracy": [0.181, 0.2138, 0.3267, 0.3402, 0.3963], "Mean Per Epoch": [-0.0009896863484755158, -0.0010004481300711632, -0.0010106757981702685, -0.001020055147819221, -0.0010290370555594563, -0.0010374740231782198, -0.0010453456779941916, -0.0010530030122026801, -0.0010607895674183965, -0.0010682933498173952, -0.0010752741945907474, -0.0010819080052897334, -0.0010878838365897536, -0.0010934245074167848, -0.0010988310677930713, -0.0011034501949325204, -0.0011072837514802814, -0.0011101645650342107, -0.0011122942669317126, -0.0011143130250275135, -0.00111590966116637, -0.0011209869990125299, -0.0011281772749498487, -0.00113598199095577, -0.001143849571235478, -0.001151307369582355, -0.0011587591143324971, -0.0011655635898932815, -0.0011725524673238397, -0.0011793639278039336, -0.0011858708458021283, -0.0011926688021048903, -0.001199463615193963, -0.0012064054608345032, -0.0012134767603129148, -0.001220839680172503, -0.0012279568472877145, -0.0012344153365120292, -0.0012403298169374466, -0.0012450369540601969, -0.0012494646944105625, -0.0012551230611279607, -0.0012623148504644632, -0.0012695868499577045, -0.0012767352163791656, -0.001283645979128778, -0.0012898481218144298, -0.001295476220548153, -0.0013013322604820132, -0.00130659609567374, -0.0013111220905557275, -0.0013155341148376465, -0.0013197570806369185, -0.0013236148515716195, -0.001327214646153152, -0.0013304785825312138, -0.0013336060801520944, -0.0013367641950026155, -0.0013394277775660157, -0.001341801485978067, -0.0013440096518024802, -0.001344091142527759, -0.001345250173471868, -0.0013471842976287007, -0.0013498683692887425, -0.0013509279815480113, -0.0013526225229725242, -0.0013545505935326219, -0.0013556256890296936, -0.0013568248832598329, -0.0013586924178525805, -0.0013607990695163608, -0.0013625994324684143, -0.0013641036348417401, -0.0013652400812134147, -0.001365958247333765, -0.0013665045844390988, -0.0013661732664331794, -0.0013656379887834191, -0.00136490014847368, -0.001363359740935266, -0.0013604615814983845, -0.0013622347032651305, -0.0013644760474562645, -0.0013676927192136645, -0.0013706088066101074, -0.0013730615610256791, -0.001376106753014028, -0.00137823645491153, -0.0013807591749355197, -0.0013833035482093692, -0.0013855224242433906, -0.0013865171931684017, -0.0013887047534808517, -0.001391207450069487, -0.0013934712624177337, -0.0013959953794255853, -0.0013983541866764426, -0.0014004233526065946, -0.0014027111465111375], "Std Per Epoch": [0.01100000087171793, 0.011028551496565342, 0.011002170853316784, 0.011050802655518055, 0.011027303524315357, 0.011072683148086071, 0.011031453497707844, 0.011045102961361408, 0.011023526079952717, 0.011034789495170116, 0.011081497184932232, 0.011065446771681309, 0.011097509413957596, 0.011092141270637512, 0.011071399785578251, 0.011093552224338055, 0.011132552288472652, 0.011137694120407104, 0.011122888885438442, 0.01109471544623375, 0.011140454560518265, 0.011105147190392017, 0.011109490878880024, 0.011123078875243664, 0.011145427823066711, 0.011187256313860416, 0.011122369207441807, 0.011106949299573898, 0.011101034469902515, 0.011033058166503906, 0.011107593774795532, 0.011115404777228832, 0.011120603419840336, 0.01114608347415924, 0.01115934643894434, 0.01120538916438818, 0.011174581944942474, 0.011157616972923279, 0.011073083616793156, 0.011055339127779007, 0.011071901768445969, 0.01105289813131094, 0.011014780960977077, 0.011070222593843937, 0.011120564304292202, 0.011117987334728241, 0.01114343199878931, 0.011078310199081898, 0.011098615825176239, 0.011086667887866497, 0.011080735363066196, 0.011054734699428082, 0.011025146581232548, 0.011014416813850403, 0.011001959443092346, 0.010980176739394665, 0.01099527720361948, 0.010996074415743351, 0.010988697409629822, 0.010988437570631504, 0.010957744903862476, 0.010959458537399769, 0.01096076425164938, 0.010901279747486115, 0.010931726545095444, 0.010925199836492538, 0.010881330817937851, 0.010904669761657715, 0.010912933386862278, 0.01084495335817337, 0.01081771682947874, 0.010786094702780247, 0.010788467712700367, 0.010775189846754074, 0.010780817829072475, 0.010775956325232983, 0.010810249485075474, 0.010849741287529469, 0.010817062109708786, 0.010845945216715336, 0.010876662097871304, 0.010895750485360622, 0.010950431227684021, 0.010921779088675976, 0.010916817001998425, 0.010935005731880665, 0.010865624062716961, 0.010879243724048138, 0.010923410765826702, 0.010874255560338497, 0.010863224975764751, 0.010894405655562878, 0.01092332974076271, 0.010887869633734226, 0.010834679007530212, 0.010812531225383282, 0.010801379568874836, 0.010834279470145702, 0.010826812125742435, 0.010807853192090988], "_timestamp": 1693347940.9192233, "_runtime": 211.7809693813324, "_step": 0, "_wandb": {"runtime": 210}}