{"Test Accuracy": [0.1904, 0.215, 0.2756, 0.1998, 0.1909], "Mean Per Epoch": null, "Std Per Epoch": null, "_timestamp": 1693319543.6867843, "_runtime": 125.03946137428284, "_step": 0, "_wandb": {"runtime": 123}}