{"Test Accuracy": [0.1811, 0.1984, 0.2014, 0.2113, 0.1935], "Mean Per Epoch": null, "Std Per Epoch": null, "_timestamp": 1693366715.801408, "_runtime": 117.12636494636536, "_step": 0, "_wandb": {"runtime": 115}}