{"Test Accuracy": [0.2082, 0.1906, 0.1972, 0.1982, 0.1958], "Mean Per Epoch": null, "Std Per Epoch": null, "_timestamp": 1693327091.7915127, "_runtime": 118.39531970024109, "_step": 0, "_wandb": {"runtime": 116}}