{"Test Accuracy": [0.1981, 0.2037, 0.2413, 0.2151, 0.1968], "Mean Per Epoch": null, "Std Per Epoch": null, "_timestamp": 1693396003.5936189, "_runtime": 118.49657487869263, "_step": 0, "_wandb": {"runtime": 117}}