{"Test Accuracy": [0.1887, 0.2136, 0.1909, 0.1974, 0.2441], "Mean Per Epoch": null, "Std Per Epoch": null, "_timestamp": 1693348270.627431, "_runtime": 116.83429193496704, "_step": 0, "_wandb": {"runtime": 115}}