{"Test Accuracy": [0.1959, 0.1935, 0.2016, 0.2019, 0.1954], "Mean Per Epoch": null, "Std Per Epoch": null, "_timestamp": 1693356180.1471393, "_runtime": 117.50186419487, "_step": 0, "_wandb": {"runtime": 116}}