{"Test Accuracy": [0.2135, 0.1903, 0.2015, 0.1966, 0.1942], "Mean Per Epoch": null, "Std Per Epoch": null, "_timestamp": 1693337699.8181427, "_runtime": 118.1708197593689, "_step": 0, "_wandb": {"runtime": 116}}