{"Test Accuracy": [0.189, 0.2611, 0.3396, 0.4559, 0.5052], "Mean Per Epoch": [0.0013928251573815942, 0.0013803438050672412, 0.0013684178702533245, 0.0013573650503531098, 0.00134682422503829, 0.001336872112005949, 0.0013276870595291257, 0.0013190553290769458, 0.0013105428079143167, 0.0013025921070948243, 0.00129538937471807, 0.0012885000323876739, 0.0012823444558307528, 0.0012766073923557997, 0.0012711293529719114, 0.001266142469830811, 0.001261577126570046, 0.0012573751155287027, 0.0012534895213320851, 0.0012502555036917329, 0.0012474963441491127, 0.0012468897039070725, 0.0012443464947864413, 0.0012411868665367365, 0.0012381323613226414, 0.001235271687619388, 0.0012323642149567604, 0.0012295328779146075, 0.0012269692961126566, 0.0012245029211044312, 0.001222055871039629, 0.001219813129864633, 0.001217939192429185, 0.0012161362683400512, 0.0012145322980359197, 0.001213371055200696, 0.0012128829257562757, 0.0012125339126214385, 0.0012120890896767378, 0.001211671158671379, 0.0012111755786463618, 0.001207878696732223, 0.0012026833137497306, 0.001197951496578753, 0.0011935619404539466, 0.001189253875054419, 0.0011860285885632038, 0.001183273852802813, 0.00118094717618078, 0.0011797152692452073, 0.0011787594994530082, 0.0011776398168876767, 0.0011761293280869722, 0.0011747479438781738, 0.0011734190629795194, 0.0011723014758899808, 0.001171025331132114, 0.0011701650219038129, 0.0011693536071106791, 0.0011684674536809325, 0.0011680085444822907, 0.0011666814098134637, 0.0011617710115388036, 0.0011566110188141465, 0.0011514074867591262, 0.0011459487723186612, 0.0011406949488446116, 0.0011359035270288587, 0.0011309938272461295, 0.0011260099709033966, 0.001121151028200984, 0.001116813626140356, 0.001112672733142972, 0.0011089096078649163, 0.001105592935346067, 0.0011020961683243513, 0.0010986056877300143, 0.0010951795848086476, 0.001092208200134337, 0.001089719939045608, 0.001087525743059814, 0.001087943441234529, 0.0010843956843018532, 0.0010810972889885306, 0.0010790155502036214, 0.0010773304384201765, 0.0010757575510069728, 0.0010741373989731073, 0.0010718313278630376, 0.0010697265388444066, 0.0010680900886654854, 0.0010658525861799717, 0.0010639255633577704, 0.0010642340639606118, 0.001064311247318983, 0.001063590869307518, 0.0010630531469359994, 0.0010632571065798402, 0.001065372140146792, 0.0010688876500353217], "Std Per Epoch": [0.01100000087171793, 0.010972581803798676, 0.010956339538097382, 0.010963995940983295, 0.010948333889245987, 0.010915880091488361, 0.010934715159237385, 0.01092554908245802, 0.010950886644423008, 0.01093218196183443, 0.010907276533544064, 0.01090766116976738, 0.010932269506156445, 0.010904575698077679, 0.01086962129920721, 0.010887552984058857, 0.010885201394557953, 0.01089670043438673, 0.010904956609010696, 0.010917161591351032, 0.010952497832477093, 0.010915783233940601, 0.010922912508249283, 0.010918800719082355, 0.010917971841990948, 0.010932582430541515, 0.010951346717774868, 0.010938391089439392, 0.010950067080557346, 0.010937333106994629, 0.010945308022201061, 0.01094751711934805, 0.010975431650876999, 0.01096545159816742, 0.010940983891487122, 0.01095014438033104, 0.010986789129674435, 0.01095661986619234, 0.010927985422313213, 0.010934289544820786, 0.010920784436166286, 0.010911461897194386, 0.010914976708590984, 0.010927892290055752, 0.010925217531621456, 0.010925875045359135, 0.010949916206300259, 0.010967320762574673, 0.010982654988765717, 0.010976419784128666, 0.010983813554048538, 0.010961332358419895, 0.010922900401055813, 0.010933633893728256, 0.010925636626780033, 0.010909013450145721, 0.010913509875535965, 0.010904527269303799, 0.01087313611060381, 0.010878734290599823, 0.010911855846643448, 0.010902623645961285, 0.010910010896623135, 0.01090612169355154, 0.010876120068132877, 0.010835406370460987, 0.010851106606423855, 0.010839215479791164, 0.010858237743377686, 0.010834120213985443, 0.010837019421160221, 0.010878368280827999, 0.010860211215913296, 0.010873962193727493, 0.010885565541684628, 0.010855577886104584, 0.010838289745151997, 0.010831590741872787, 0.010843955911695957, 0.010829904116690159, 0.010800238698720932, 0.010830431245267391, 0.010853010229766369, 0.01089504361152649, 0.010928016155958176, 0.010959594510495663, 0.01093800738453865, 0.010907507501542568, 0.010868620127439499, 0.01090050209313631, 0.010856911540031433, 0.010808244347572327, 0.010849162004888058, 0.010902364738285542, 0.010893738828599453, 0.010838893242180347, 0.010888122953474522, 0.010860317386686802, 0.011053335852921009, 0.010961883701384068], "_timestamp": 1693393704.4991126, "_runtime": 213.65964651107788, "_step": 0, "_wandb": {"runtime": 212}}