{"Test Accuracy": [0.0849, 0.0778, 0.0795, 0.0854, 0.0825], "Mean Per Epoch": null, "Std Per Epoch": null, "_timestamp": 1693342439.6012938, "_runtime": 1302.5283398628235, "_step": 0, "_wandb": {"runtime": 1301}}