{"Test Accuracy": [0.1956, 0.2659, 0.3566, 0.4202, 0.3808], "Mean Per Epoch": [-0.0008226756472140551, -0.0008370110881514847, -0.0008506508893333375, -0.0008634667028672993, -0.0008752699941396713, -0.0008855611085891724, -0.000894321536179632, -0.0009022493031807244, -0.000908591493498534, -0.0009142677881754935, -0.0009188810363411903, -0.0009230964933522046, -0.0009254151955246925, -0.0009226097608916461, -0.0008652844117023051, -0.000812358281109482, -0.0007852648268453777, -0.000735006295144558, -0.0006881118752062321, -0.0006080520688556135, -0.0005731240962632, -0.0005863503902219236, -0.0006080014863982797, -0.0006287788855843246, -0.0006529935635626316, -0.0006834547966718674, -0.0007069238345138729, -0.0007362820324487984, -0.0007704754243604839, -0.0007931407890282571, -0.0008102571591734886, -0.0008208356448449194, -0.0008310789125971496, -0.000840299588162452, -0.0008510203915648162, -0.0008599427528679371, -0.0008681632461957633, -0.0008781237411312759, -0.0008877143845893443, -0.0008969209156930447, -0.0009060600423254073, -0.0009219972416758537, -0.0009351880289614201, -0.0009489354561083019, -0.0009628126281313598, -0.0009768325835466385, -0.0009931091917678714, -0.001009710947982967, -0.0010301752481609583, -0.001052826177328825, -0.0010704140877351165, -0.001098918030038476, -0.0011362329823896289, -0.0011638698633760214, -0.0011770121054723859, -0.0011906700674444437, -0.0012062607565894723, -0.0012225874233990908, -0.0012416107347235084, -0.0012647941475734115, -0.0012835479574277997, -0.0013132276944816113, -0.0013467908138409257, -0.0013750317739322782, -0.001401747576892376, -0.0014240624150261283, -0.0014409535797312856, -0.001454383716918528, -0.0014671162934973836, -0.001479136641137302, -0.001492683426477015, -0.0015081468736752868, -0.0015237703919410706, -0.001537092961370945, -0.0015498806023970246, -0.0015609097899869084, -0.0015709692379459739, -0.0015808261232450604, -0.0015904862666502595, -0.0016012509586289525, -0.001613776315934956, -0.0016246163286268711, -0.0016415166901424527, -0.0016597732901573181, -0.001677179359830916, -0.001690967008471489, -0.0017039846861734986, -0.0017168227350339293, -0.0017317049205303192, -0.0017495068022981286, -0.0017676041461527348, -0.0017841687658801675, -0.0018002702854573727, -0.0018170048715546727, -0.0018349437741562724, -0.0018500915030017495, -0.0018644422525539994, -0.0018786449218168855, -0.001896015484817326, -0.0019135060720145702], "Std Per Epoch": [0.01100000087171793, 0.01099471002817154, 0.01100266445428133, 0.011040318757295609, 0.011055737733840942, 0.01110584195703268, 0.0111262621358037, 0.01116087008267641, 0.011206984519958496, 0.011223756708204746, 0.011226334609091282, 0.011178560554981232, 0.0112187834456563, 0.011507662944495678, 0.013334579765796661, 0.011543713510036469, 0.012241947464644909, 0.011849391274154186, 0.0125054270029068, 0.01177302747964859, 0.012038682587444782, 0.012459807097911835, 0.012240804731845856, 0.012004784308373928, 0.012808428145945072, 0.012373018078505993, 0.012135564349591732, 0.012510309927165508, 0.012414411641657352, 0.012140457518398762, 0.01174254436045885, 0.01164995227009058, 0.0115455761551857, 0.011564706452190876, 0.011622950434684753, 0.011491470970213413, 0.011563478969037533, 0.011602192185819149, 0.011617803014814854, 0.011586523614823818, 0.011791125871241093, 0.011561504565179348, 0.011522685177624226, 0.011531642638146877, 0.011525818146765232, 0.011643201112747192, 0.011709353886544704, 0.011776778846979141, 0.011953960172832012, 0.011817934922873974, 0.011940632946789265, 0.012108728289604187, 0.012133173644542694, 0.011754187755286694, 0.011658561415970325, 0.011755199171602726, 0.011872733943164349, 0.011922898702323437, 0.0121263163164258, 0.01205772440880537, 0.0120254410430789, 0.012255645357072353, 0.011994556523859501, 0.011901921592652798, 0.01201928686350584, 0.011850069276988506, 0.011696583591401577, 0.011543749831616879, 0.011489382945001125, 0.011471807956695557, 0.011594067327678204, 0.011674866080284119, 0.011679151095449924, 0.011542855761945248, 0.011481326073408127, 0.011382360942661762, 0.011369249783456326, 0.011339367367327213, 0.011350792832672596, 0.011434138752520084, 0.01151817012578249, 0.011646824888885021, 0.011570107191801071, 0.011586636304855347, 0.011465932242572308, 0.011467467062175274, 0.01146018598228693, 0.011524944566190243, 0.011565632186830044, 0.011636451818048954, 0.011575322598218918, 0.01149817556142807, 0.011489059776067734, 0.011564216576516628, 0.01157490536570549, 0.011428228579461575, 0.011447927914559841, 0.011595265008509159, 0.01158878207206726, 0.011655890382826328], "_timestamp": 1693327678.5233657, "_runtime": 213.84094381332397, "_step": 0, "_wandb": {"runtime": 212}}