{"Test Accuracy": [0.1262, 0.1264, 0.1229, 0.1246, 0.1289], "Mean Per Epoch": null, "Std Per Epoch": null, "_timestamp": 1693366169.354302, "_runtime": 1292.0360929965973, "_step": 0, "_wandb": {"runtime": 1290}}