{"Test Accuracy": [0.1781, 0.2605, 0.3792, 0.2907, 0.415], "Mean Per Epoch": [0.0001324633340118453, 0.00011999850539723411, 0.00010813648259500042, 9.698172652861103e-05, 8.630636148154736e-05, 7.626794831594452e-05, 6.681369995931163e-05, 5.7487206504447386e-05, 4.8916786909103394e-05, 4.0784867451293394e-05, 3.307025690446608e-05, 2.6062209144583903e-05, 1.9776402041316032e-05, 1.3697116628463846e-05, 7.944802746351343e-06, 2.7532223612070084e-06, -2.275764245496248e-06, -6.7719570324698e-06, -1.1064500540669542e-05, -1.5251415788952727e-05, -1.928404344653245e-05, -2.4626884624012746e-05, -2.9660295695066452e-05, -3.598250259528868e-05, -4.198091846774332e-05, -4.82733994431328e-05, -5.421554669737816e-05, -5.990266799926758e-05, -6.546095391968265e-05, -7.067620754241943e-05, -7.558544166386127e-05, -7.996917702257633e-05, -8.339163468917832e-05, -8.601881563663483e-05, -8.755541784921661e-05, -8.992377115646377e-05, -9.205634705722332e-05, -9.39265955821611e-05, -9.589720139047131e-05, -9.757598309079185e-05, -9.878879791358486e-05, -0.0001009570769383572, -0.00010589215526124462, -0.00011059230746468529, -0.00011525474110385403, -0.00011907463340321556, -0.00012299550871830434, -0.00012672327284235507, -0.00013036590826231986, -0.0001337948051514104, -0.00013702020805794746, -0.00014010797895025462, -0.00014331650163512677, -0.0001464201632188633, -0.00014932667545508593, -0.00015187461394816637, -0.00015428487677127123, -0.00015670577704440802, -0.00015903357416391373, -0.00016130490985233337, -0.00016340974252671003, -0.00016339476860594004, -0.00016409279487561435, -0.00016532721929252148, -0.00016742960724513978, -0.000169990977155976, -0.0001727473718347028, -0.0001751860836520791, -0.00017747336823958904, -0.000179475755430758, -0.00018040773284155875, -0.00018102501053363085, -0.00018157805607188493, -0.00018218676268588752, -0.00018230534624308348, -0.000182237898116, -0.00018217619799543172, -0.00018194802396465093, -0.00018151244148612022, -0.00018124717462342232, -0.00018060854927171022, -0.00018248175911139697, -0.00018788385204970837, -0.00019378650176804513, -0.00019959690689574927, -0.00020548216707538813, -0.00021124845079611987, -0.00021628635295201093, -0.00022080494090914726, -0.0002248987293569371, -0.00022838097356725484, -0.00023103940475266427, -0.0002331089199287817, -0.00023467408027499914, -0.00023575429804623127, -0.00023635267280042171, -0.00023687724024057388, -0.00023758334282319993, -0.00023826451797503978, -0.00023891539603937417], "Std Per Epoch": [0.01100000087171793, 0.010987017303705215, 0.01097138598561287, 0.010936307720839977, 0.010971945710480213, 0.010965433903038502, 0.010985855013132095, 0.010961994528770447, 0.01094752550125122, 0.01096084713935852, 0.010979615151882172, 0.011031960137188435, 0.011035616509616375, 0.011011115275323391, 0.011009725742042065, 0.01105257123708725, 0.011078511364758015, 0.011054578237235546, 0.011066846549510956, 0.011044912040233612, 0.011024881154298782, 0.011025972664356232, 0.011054263450205326, 0.01101665198802948, 0.010989450849592686, 0.010996195487678051, 0.010933573357760906, 0.01092614233493805, 0.010907665826380253, 0.010896649211645126, 0.010938803665339947, 0.01097144465893507, 0.010988886468112469, 0.011029950343072414, 0.011009295471012592, 0.010951686650514603, 0.01094984170049429, 0.010951717384159565, 0.010914377868175507, 0.01089802011847496, 0.010889905504882336, 0.010894830338656902, 0.010893452912569046, 0.01094034407287836, 0.010922168381512165, 0.010897848755121231, 0.010889515280723572, 0.010884400457143784, 0.010842687450349331, 0.010851125232875347, 0.010848931968212128, 0.01084589958190918, 0.010824938304722309, 0.01084207370877266, 0.010852143168449402, 0.010841439478099346, 0.010851097293198109, 0.010846712626516819, 0.01083600427955389, 0.010848716832697392, 0.010867754928767681, 0.010889100842177868, 0.010836753994226456, 0.010827340185642242, 0.01079798024147749, 0.010771500878036022, 0.0107931112870574, 0.01078206766396761, 0.010806872509419918, 0.010842288844287395, 0.010910018347203732, 0.010886129923164845, 0.010850937105715275, 0.010874579660594463, 0.010896392166614532, 0.010869450867176056, 0.010839946568012238, 0.010836243629455566, 0.010824191384017467, 0.010800863616168499, 0.010792598128318787, 0.010830688290297985, 0.010831013321876526, 0.010817263275384903, 0.010759145021438599, 0.010783344507217407, 0.010753032751381397, 0.010751534253358841, 0.010743909515440464, 0.010732795111835003, 0.010748541913926601, 0.010760829783976078, 0.010800608433783054, 0.010789971798658371, 0.010792727582156658, 0.010800517164170742, 0.010763391852378845, 0.010773271322250366, 0.010754082351922989, 0.010724399238824844], "_timestamp": 1693340008.5245414, "_runtime": 213.2228844165802, "_step": 0, "_wandb": {"runtime": 211}}