{"Test Accuracy": [0.067, 0.0672, 0.0678, 0.0703, 0.0671], "Mean Per Epoch": null, "Std Per Epoch": null, "_timestamp": 1693399517.3543074, "_runtime": 1304.2513663768768, "_step": 0, "_wandb": {"runtime": 1302}}