{"Test Accuracy": [0.1959, 0.1936, 0.2017, 0.2018, 0.1954], "Mean Per Epoch": null, "Std Per Epoch": null, "_timestamp": 1693356543.7137513, "_runtime": 126.37443232536316, "_step": 0, "_wandb": {"runtime": 124}}