{"Test Accuracy": [0.091, 0.0941, 0.0877, 0.0924, 0.0912], "Mean Per Epoch": null, "Std Per Epoch": null, "_timestamp": 1693331848.9600267, "_runtime": 1303.402224779129, "_step": 0, "_wandb": {"runtime": 1302}}