{"Test Accuracy": [0.197, 0.2111, 0.189, 0.1882, 0.1982], "Mean Per Epoch": [0.0012284890981391072, 0.0011774715967476368, 0.0012330148601904511, 0.0014184979954734445, 0.0015572350239381194, 0.0016500065103173256, 0.0017089491011574864, 0.0017528875032439828, 0.0017870791489258409, 0.0018147584050893784, 0.0018377756932750344, 0.0018573814304545522, 0.001873918459750712, 0.0018884622259065509, 0.0019014118006452918, 0.0019129625288769603, 0.001923362840898335, 0.0019328204216435552, 0.0019412740366533399, 0.0019491799175739288, 0.0019563559908419847, 0.0017412989400327206, 0.0018179417820647359, 0.001910139457322657, 0.001976911909878254, 0.0020243648905307055, 0.0020603868179023266, 0.002087949076667428, 0.002110264962539077, 0.0021287573035806417, 0.002144635422155261, 0.0021581256296485662, 0.002169964136555791, 0.0021804645657539368, 0.0021897933911532164, 0.0021983706392347813, 0.002206101780757308, 0.0022131202276796103, 0.0022196683567017317, 0.0022257997188717127, 0.0022315371315926313, 0.0022116100881248713, 0.0025742382276803255, 0.002791682258248329, 0.0029187407344579697, 0.003004787489771843, 0.00306869694031775, 0.003117937594652176, 0.003157747909426689, 0.003190177259966731, 0.0032172799110412598, 0.003240346210077405, 0.003260711906477809, 0.0032790920231491327, 0.00329512357711792, 0.003309984691441059, 0.0033231161069124937, 0.0033349350560456514, 0.0033457574900239706, 0.00335565023124218, 0.003364773467183113, 0.002985310973599553, 0.00298375659622252, 0.0030414366628974676, 0.0030891720671206713, 0.0031326457392424345, 0.0031681021209806204, 0.0031996530015021563, 0.0032272215466946363, 0.003251665038987994, 0.0032725296914577484, 0.0032912062015384436, 0.0033075560349971056, 0.003321683034300804, 0.0033343741670250893, 0.003345857374370098, 0.0033562248572707176, 0.003365473821759224, 0.003374016610905528, 0.0033816613722592592, 0.0033888714388012886, 0.0030886016320437193, 0.0031048275995999575, 0.0031858847942203283, 0.0032511819154024124, 0.003297921270132065, 0.003331755520775914, 0.00335676409304142, 0.003377017565071583, 0.00339374877512455, 0.0034077009186148643, 0.0034197198692709208, 0.0034301914274692535, 0.0034388592466712, 0.0034470297396183014, 0.0034541022032499313, 0.003460252657532692, 0.0034656908828765154, 0.0034709246829152107, 0.003475721227005124], "Std Per Epoch": [0.009999998845160007, 0.009980727918446064, 0.010002078488469124, 0.010008645243942738, 0.010015680454671383, 0.010010084137320518, 0.010002660565078259, 0.0100012868642807, 0.010000764392316341, 0.010000781156122684, 0.010002052411437035, 0.009999467991292477, 0.009997907094657421, 0.009997467510402203, 0.009997573681175709, 0.009997266344726086, 0.009996085427701473, 0.00999537855386734, 0.009994853287935257, 0.00999428704380989, 0.009994545951485634, 0.009945807047188282, 0.009922062046825886, 0.009912783280014992, 0.00991267990320921, 0.009911839850246906, 0.00991272646933794, 0.009912860579788685, 0.009912113659083843, 0.009912657551467419, 0.009912163019180298, 0.009911215864121914, 0.009910731576383114, 0.009910324588418007, 0.00991001632064581, 0.009909608401358128, 0.009909023530781269, 0.009908702224493027, 0.009908500127494335, 0.009908257983624935, 0.009908364154398441, 0.009957977570593357, 0.009943809360265732, 0.009950959123671055, 0.0099494569003582, 0.009950832463800907, 0.00995074212551117, 0.009951484389603138, 0.00995229184627533, 0.009949740953743458, 0.009947571903467178, 0.009946656413376331, 0.009948245249688625, 0.009947988204658031, 0.009949076920747757, 0.009948701597750187, 0.00994808692485094, 0.009947537444531918, 0.00994707178324461, 0.00994615163654089, 0.009946796111762524, 0.009934463538229465, 0.009933624416589737, 0.009936865419149399, 0.009933970868587494, 0.009935320354998112, 0.009934252128005028, 0.00993052776902914, 0.009932871907949448, 0.009932683780789375, 0.009933124296367168, 0.009932775981724262, 0.009931717999279499, 0.009930535219609737, 0.009929738938808441, 0.009929249063134193, 0.009928524494171143, 0.009927088394761086, 0.00992655474692583, 0.009926429018378258, 0.009926213882863522, 0.009921279735863209, 0.009875435382127762, 0.0098876329138875, 0.009880585595965385, 0.009880718775093555, 0.009876039810478687, 0.009874318726360798, 0.009873787872493267, 0.009872100315988064, 0.009871691465377808, 0.00987063068896532, 0.009869656525552273, 0.009869123809039593, 0.009868921712040901, 0.009868704713881016, 0.009868539869785309, 0.009868350811302662, 0.00986779760569334, 0.00986800529062748], "_timestamp": 1693343785.1757803, "_runtime": 204.43210625648499, "_step": 0, "_wandb": {"runtime": 203}}