{"Test Accuracy": [0.2135, 0.2375, 0.2435, 0.1956, 0.1956], "Mean Per Epoch": null, "Std Per Epoch": null, "_timestamp": 1693337937.219882, "_runtime": 118.0740818977356, "_step": 0, "_wandb": {"runtime": 116}}