{"Test Accuracy": [0.1889, 0.2002, 0.2211, 0.1941, 0.1969], "Mean Per Epoch": null, "Std Per Epoch": null, "_timestamp": 1693340707.606955, "_runtime": 126.48986506462097, "_step": 0, "_wandb": {"runtime": 125}}