{"Test Accuracy": [0.1962, 0.19, 0.1903, 0.2125, 0.1834], "Mean Per Epoch": [0.00030157071887515485, 0.0003470652736723423, 0.0005473923520185053, 0.0006996794254519045, 0.0007791303214617074, 0.000836996070574969, 0.0008797282353043556, 0.0009143733768723905, 0.0009426195174455643, 0.0009654718451201916, 0.0009840100537985563, 0.0010003739735111594, 0.0010149950394406915, 0.0010281543945893645, 0.0010385309578850865, 0.0010496381437405944, 0.001057863817550242, 0.001064004492945969, 0.0010727315675467253, 0.0010783369652926922, 0.0010849853279069066, 0.0008611970115453005, 0.0010673044016584754, 0.0012379327090457082, 0.001343899522908032, 0.0014169275527819991, 0.001472154981456697, 0.0015109041705727577, 0.0015430268831551075, 0.0015690019354224205, 0.0015922883758321404, 0.0016105681424960494, 0.0016270192572847009, 0.0016404838534072042, 0.0016535799950361252, 0.0016646416625007987, 0.0016752203227952123, 0.0016840124735608697, 0.001691926852799952, 0.0017004680121317506, 0.001708079595118761, 0.001314843655563891, 0.0013509155251085758, 0.0014130260096862912, 0.001458696206100285, 0.0014937655068933964, 0.0015210973797366023, 0.0015388078754767776, 0.0015552608529105783, 0.001567854662425816, 0.0015783655690029263, 0.0015865936875343323, 0.0015950020169839263, 0.0015997644513845444, 0.001605524797923863, 0.0016096356557682157, 0.0016141668893396854, 0.0016189069719985127, 0.001622121431864798, 0.0016261680284515023, 0.0016294298693537712, 0.0012645539827644825, 0.0013371765380725265, 0.0014630826190114021, 0.0015584664652124047, 0.001616306253708899, 0.0016564787365496159, 0.00168598722666502, 0.0017083222046494484, 0.0017266240902245045, 0.0017413335153833032, 0.0017543217400088906, 0.0017650607042014599, 0.0017747996607795358, 0.0017829235875979066, 0.0017906604334712029, 0.001797783188521862, 0.0018039718270301819, 0.001810013665817678, 0.0018146942602470517, 0.0018198994221165776, 0.0013798518339172006, 0.0012036639964208007, 0.0011419944930821657, 0.0011396611807867885, 0.0011555652599781752, 0.001173913013190031, 0.0011926357401534915, 0.0012103286571800709, 0.0012253235327079892, 0.0012378577375784516, 0.0012498516589403152, 0.001259612268768251, 0.0012694403994828463, 0.0012786657316610217, 0.00128769816365093, 0.0012949103256687522, 0.0013022063067182899, 0.0013090852880850434, 0.0013157343491911888], "Std Per Epoch": [0.009999998845160007, 0.01001089159399271, 0.01001597847789526, 0.010008934885263443, 0.010012461803853512, 0.010010692290961742, 0.010009759105741978, 0.010007456876337528, 0.010007531382143497, 0.010004992596805096, 0.010006103664636612, 0.010005753487348557, 0.010004373267292976, 0.010003370232880116, 0.010002977214753628, 0.010002396069467068, 0.010001678951084614, 0.009999578818678856, 0.009999828413128853, 0.009999589063227177, 0.009998906403779984, 0.009973996318876743, 0.00997939147055149, 0.009980876930058002, 0.00997655838727951, 0.009973563253879547, 0.009976140223443508, 0.009973001666367054, 0.00997204054147005, 0.009972636587917805, 0.00997171737253666, 0.009969874285161495, 0.009967819787561893, 0.009967993013560772, 0.009966460056602955, 0.009965378791093826, 0.009964694269001484, 0.009964489378035069, 0.009964493103325367, 0.00996539369225502, 0.009965102188289165, 0.009982846677303314, 0.00996957253664732, 0.009977404959499836, 0.009974059648811817, 0.00997173972427845, 0.009968692436814308, 0.009966850280761719, 0.00996823888272047, 0.009965603239834309, 0.009963836520910263, 0.009958740323781967, 0.00995724555104971, 0.009957125410437584, 0.009956941939890385, 0.00995759665966034, 0.009957819245755672, 0.009957500733435154, 0.009956596419215202, 0.009955470450222492, 0.009955556131899357, 0.009981862269341946, 0.009976522997021675, 0.009979680180549622, 0.009974507614970207, 0.009973914362490177, 0.009969900362193584, 0.009970038197934628, 0.009968734346330166, 0.00996821653097868, 0.00996750220656395, 0.009966683574020863, 0.009967043064534664, 0.009966015815734863, 0.009965448640286922, 0.009965670295059681, 0.009965444914996624, 0.009965340606868267, 0.009965487755835056, 0.009965522214770317, 0.009965888224542141, 0.010007602162659168, 0.010013054125010967, 0.009991171769797802, 0.009983965195715427, 0.009985167533159256, 0.009986551478505135, 0.009989473037421703, 0.009990432299673557, 0.009989161975681782, 0.009988786652684212, 0.009990863502025604, 0.009992338716983795, 0.00999271497130394, 0.009992239065468311, 0.009991797618567944, 0.009991302154958248, 0.009992183186113834, 0.009991315193474293, 0.009991735219955444], "_timestamp": 1693341132.2834718, "_runtime": 204.0023307800293, "_step": 0, "_wandb": {"runtime": 202}}