{"Test Accuracy": [0.1963, 0.1995, 0.2135, 0.1863, 0.1915], "Mean Per Epoch": null, "Std Per Epoch": null, "_timestamp": 1693335161.0851777, "_runtime": 110.56366872787476, "_step": 0, "_wandb": {"runtime": 109}}