{"Test Accuracy": [0.1994, 0.186, 0.2149, 0.1941, 0.1997], "Mean Per Epoch": null, "Std Per Epoch": null, "_timestamp": 1693361554.797041, "_runtime": 110.30967593193054, "_step": 0, "_wandb": {"runtime": 108}}