{"Test Accuracy": [0.1982, 0.2883, 0.1973, 0.2067, 0.2004], "Mean Per Epoch": null, "Std Per Epoch": null, "_timestamp": 1693345866.6725001, "_runtime": 117.55592107772827, "_step": 0, "_wandb": {"runtime": 116}}