{"Test Accuracy": [0.1967, 0.2215, 0.1853, 0.1955, 0.235], "Mean Per Epoch": null, "Std Per Epoch": null, "_timestamp": 1693364315.0604808, "_runtime": 118.04515480995178, "_step": 0, "_wandb": {"runtime": 116}}