{"Test Accuracy": [0.1982, 0.2015, 0.2197, 0.2518, 0.1832], "Mean Per Epoch": null, "Std Per Epoch": null, "_timestamp": 1693385291.728708, "_runtime": 110.44687795639038, "_step": 0, "_wandb": {"runtime": 109}}