{"Test Accuracy": [0.1997, 0.1994, 0.1939, 0.2145, 0.1861], "Mean Per Epoch": null, "Std Per Epoch": null, "_timestamp": 1693342987.10819, "_runtime": 117.62395405769348, "_step": 0, "_wandb": {"runtime": 116}}