{"Test Accuracy": [0.1859, 0.2207, 0.2395, 0.2198, 0.2033], "Mean Per Epoch": null, "Std Per Epoch": null, "_timestamp": 1693353788.4184964, "_runtime": 117.64543747901917, "_step": 0, "_wandb": {"runtime": 116}}