{"Test Accuracy": [0.1901, 0.1932, 0.2118, 0.1835, 0.1901], "Mean Per Epoch": [0.002486607525497675, 0.002529231831431389, 0.002615186618641019, 0.002675446681678295, 0.00272379070520401, 0.0027604990173131227, 0.0027887423057109118, 0.0028122756630182266, 0.0028326234314590693, 0.002849237760528922, 0.0028653673361986876, 0.002878693165257573, 0.0028906583320349455, 0.0029001848306506872, 0.002909819595515728, 0.0029179630801081657, 0.002925099106505513, 0.0029312048573046923, 0.0029365867376327515, 0.002941858721897006, 0.0029468685388565063, 0.002402567071840167, 0.002244808478280902, 0.002227463759481907, 0.0022434554994106293, 0.002262864029034972, 0.0022791207302361727, 0.002293166471645236, 0.0023060226812958717, 0.0023178334813565016, 0.0023286459036171436, 0.0023384056985378265, 0.0023468208964914083, 0.0023543431889265776, 0.002361452905461192, 0.0023678771685808897, 0.002373454859480262, 0.0023787710815668106, 0.002383606508374214, 0.002387957414612174, 0.002392045222222805, 0.002471252577379346, 0.0031256750226020813, 0.0037230532616376877, 0.004084978252649307, 0.004296477884054184, 0.004430132452398539, 0.004523951094597578, 0.004594563506543636, 0.0046510291285812855, 0.004696639720350504, 0.004734622314572334, 0.004766164347529411, 0.004793939646333456, 0.004818675573915243, 0.004840478301048279, 0.004860349465161562, 0.0048772310838103294, 0.0048932661302387714, 0.004907621070742607, 0.004920516163110733, 0.004265034105628729, 0.0042986455373466015, 0.004450459498912096, 0.004558281973004341, 0.004630106966942549, 0.004688408225774765, 0.004734020680189133, 0.0047696433030068874, 0.004802038427442312, 0.0048289974220097065, 0.004853316582739353, 0.004874490667134523, 0.0048938654363155365, 0.004911284428089857, 0.004927188623696566, 0.004941756371408701, 0.004955695942044258, 0.00496905529871583, 0.004981469362974167, 0.004993447568267584, 0.004556912928819656, 0.004799402318894863, 0.004941360559314489, 0.005044403485953808, 0.0051125939935445786, 0.005160858854651451, 0.005196777172386646, 0.0052269077859818935, 0.005249191075563431, 0.005268085282295942, 0.005284789949655533, 0.005299414042383432, 0.0053130146116018295, 0.005325515288859606, 0.005335728172212839, 0.005345474928617477, 0.005354326218366623, 0.005362378433346748, 0.00536983460187912], "Std Per Epoch": [0.009999998845160007, 0.009999491274356842, 0.010011590085923672, 0.010008694604039192, 0.010006883181631565, 0.010005403310060501, 0.01000477559864521, 0.010007606819272041, 0.010008505545556545, 0.010010004043579102, 0.010009088553488255, 0.010008217766880989, 0.01000611949712038, 0.010004102252423763, 0.010003040544688702, 0.010001965798437595, 0.010002320632338524, 0.010000665672123432, 0.010000355541706085, 0.009999788366258144, 0.00999942421913147, 0.00997451227158308, 0.00996361207216978, 0.009975381195545197, 0.009977673180401325, 0.0099789435043931, 0.00997836422175169, 0.009980454109609127, 0.0099802790209651, 0.009979871101677418, 0.009978732094168663, 0.009978790767490864, 0.009977597743272781, 0.009977230802178383, 0.009977527894079685, 0.00997834000736475, 0.009979959577322006, 0.0099784629419446, 0.0099790645763278, 0.009979515336453915, 0.009978123940527439, 0.010011272504925728, 0.010013519786298275, 0.010028569027781487, 0.01001928560435772, 0.010025669820606709, 0.010020926594734192, 0.010022024624049664, 0.010023762471973896, 0.01002551056444645, 0.010021353140473366, 0.010021368972957134, 0.010021856985986233, 0.010021790862083435, 0.010021325200796127, 0.01002012100070715, 0.010018649511039257, 0.010017345659434795, 0.01001814380288124, 0.010017129592597485, 0.01001646276563406, 0.01001900713890791, 0.01000092551112175, 0.009992903098464012, 0.009993101470172405, 0.009997278451919556, 0.009998957626521587, 0.00999382883310318, 0.009994088672101498, 0.009993174113333225, 0.009992141276597977, 0.009992406703531742, 0.009991253726184368, 0.009989761747419834, 0.009988468140363693, 0.009987509809434414, 0.00998792052268982, 0.009987890720367432, 0.009989156387746334, 0.009989432990550995, 0.009988473728299141, 0.01001995149999857, 0.01001772191375494, 0.010017079301178455, 0.01001836359500885, 0.010019447654485703, 0.01001802459359169, 0.010018330067396164, 0.010016332380473614, 0.010015957057476044, 0.010014001280069351, 0.010015344247221947, 0.010015789419412613, 0.010014972649514675, 0.010014236904680729, 0.010015186853706837, 0.010015259496867657, 0.010015055537223816, 0.010014627128839493, 0.010014882311224937], "_timestamp": 1693334923.8420851, "_runtime": 205.0774211883545, "_step": 0, "_wandb": {"runtime": 202}}