{"Test Accuracy": [0.1318, 0.1275, 0.1276, 0.1225, 0.1285], "Mean Per Epoch": null, "Std Per Epoch": null, "_timestamp": 1693353007.2597702, "_runtime": 1292.7131311893463, "_step": 0, "_wandb": {"runtime": 1291}}