{"Test Accuracy": [0.1982, 0.1892, 0.1939, 0.2086, 0.1991], "Mean Per Epoch": null, "Std Per Epoch": null, "_timestamp": 1693324815.5531538, "_runtime": 126.42848587036133, "_step": 0, "_wandb": {"runtime": 124}}