{"Test Accuracy": [0.1978, 0.1911, 0.1943, 0.2003, 0.1923], "Mean Per Epoch": [-0.0008226756472140551, -0.0008006963762454689, -0.0006975837168283761, -0.0005778717459179461, -0.000473981344839558, -0.0003984208742622286, -0.0003412512596696615, -0.0002938928082585335, -0.000257096195127815, -0.00022629182785749435, -0.0002004930138355121, -0.00017815300088841468, -0.00015944767801556736, -0.00014229006774257869, -0.00012707634596154094, -0.00011303008068352938, -0.00010073540033772588, -8.925789734348655e-05, -7.822285260772333e-05, -6.810371996834874e-05, -5.880694880033843e-05, -0.0004178239032626152, -0.00036737407208420336, -0.00027092781965620816, -0.00018367648590356112, -0.0001268220948986709, -8.450056338915601e-05, -5.3293613746063784e-05, -2.5831666789599694e-05, -3.1743354611535324e-06, 1.6903659343370236e-05, 3.7278165109455585e-05, 5.44106587767601e-05, 7.048066618153825e-05, 8.839019574224949e-05, 0.00010445368388900533, 0.00011440316302469, 0.0001287129707634449, 0.0001390790130244568, 0.00015009299386292696, 0.00015821284614503384, -0.00038397253956645727, -0.00044810082181356847, -0.0003770638722926378, -0.00031857111025601625, -0.0002727353712543845, -0.00024039663549046963, -0.00021285672846715897, -0.00019247182353865355, -0.00017517847300041467, -0.00016009686805773526, -0.0001478661288274452, -0.00013728474732488394, -0.00012774718925356865, -0.00011945628648390993, -0.00011218649888178334, -0.00010568636935204268, -9.952756954589859e-05, -9.432496881345287e-05, -8.94427066668868e-05, -8.478458039462566e-05, -0.0006569463876076043, -0.0008164281607605517, -0.0008408431895077229, -0.0007929078419692814, -0.000732074084226042, -0.0006766728474758565, -0.0006334445788525045, -0.0006008294294588268, -0.0005738325999118388, -0.0005502714193426073, -0.0005300329648889601, -0.0005112714716233313, -0.0004943073145113885, -0.0004792703257407993, -0.00046621807268820703, -0.0004542608221527189, -0.0004431044217199087, -0.0004327060596551746, -0.0004228610487189144, -0.00041371924453414977, -0.0006203876691870391, -0.0005881149554625154, -0.0005771581782028079, -0.0005577251431532204, -0.0005391049780882895, -0.0005227084620855749, -0.0005127027980051935, -0.0005034008645452559, -0.000495507032610476, -0.0004898330080322921, -0.0004841412010136992, -0.0004795666318386793, -0.0004758969880640507, -0.00047267149784602225, -0.00046911509707570076, -0.0004673736111726612, -0.0004638904647435993, -0.0004612891934812069, -0.0004596336802933365], "Std Per Epoch": [0.009999998845160007, 0.009996465407311916, 0.010004214942455292, 0.01001826860010624, 0.010023566894233227, 0.010026163421571255, 0.010029314085841179, 0.01003114040941, 0.010031714104115963, 0.01003007497638464, 0.010029414668679237, 0.010027906857430935, 0.010028275661170483, 0.010027273558080196, 0.010028119198977947, 0.010028098709881306, 0.010028704069554806, 0.010028311051428318, 0.010028618387877941, 0.010027811862528324, 0.01002739742398262, 0.010079476982355118, 0.010063274763524532, 0.010070634074509144, 0.010083838365972042, 0.010083049535751343, 0.010074577294290066, 0.010074702091515064, 0.010067199356853962, 0.010064403526484966, 0.010063220746815205, 0.010062498040497303, 0.010060004889965057, 0.010060877539217472, 0.010061618871986866, 0.010061118751764297, 0.010059891268610954, 0.01006016880273819, 0.010060914792120457, 0.010061260312795639, 0.010060717351734638, 0.010105335153639317, 0.010114268399775028, 0.010092814452946186, 0.010100389830768108, 0.010103520937263966, 0.01010487973690033, 0.010107834823429585, 0.010107570327818394, 0.010106452740728855, 0.010105609893798828, 0.010104442946612835, 0.010103951208293438, 0.010103696025907993, 0.010103876702487469, 0.010103290900588036, 0.010103533044457436, 0.01010366901755333, 0.010102476924657822, 0.010102279484272003, 0.010101175867021084, 0.01011313870549202, 0.010087612085044384, 0.01007880363613367, 0.010079900734126568, 0.010085564106702805, 0.01008369866758585, 0.01007846463471651, 0.010075685568153858, 0.01007432397454977, 0.010074187070131302, 0.010075234808027744, 0.010075481608510017, 0.010073153302073479, 0.01007109135389328, 0.010068741627037525, 0.010068335570394993, 0.010068070143461227, 0.010067270137369633, 0.01006724126636982, 0.010067369788885117, 0.010065571404993534, 0.010025976225733757, 0.010018882341682911, 0.010016539134085178, 0.010020221583545208, 0.0100215133279562, 0.010019570589065552, 0.010019712150096893, 0.010020376183092594, 0.01001826860010624, 0.01001801248639822, 0.010017202235758305, 0.010017327032983303, 0.01001643668860197, 0.010015716776251793, 0.010015968233346939, 0.010016701184213161, 0.01001716684550047, 0.010016552172601223], "_timestamp": 1693329626.5549686, "_runtime": 205.4802885055542, "_step": 0, "_wandb": {"runtime": 204}}