{"Test Accuracy": [0.2135, 0.1904, 0.2008, 0.1967, 0.1943], "Mean Per Epoch": null, "Std Per Epoch": null, "_timestamp": 1693338068.3609664, "_runtime": 126.6297755241394, "_step": 0, "_wandb": {"runtime": 125}}