{"Test Accuracy": [0.185, 0.1782, 0.1957, 0.1991, 0.2069], "Mean Per Epoch": [-0.0007632917840965092, -0.0007520916988141835, -0.0006806102464906871, -0.0006231534061953425, -0.0005780546925961971, -0.0005448239971883595, -0.0005192203097976744, -0.00049878895515576, -0.0004810255777556449, -0.0004655244993045926, -0.0004516632470767945, -0.00043853148235939443, -0.0004261827562004328, -0.0004143108380958438, -0.0004031768476124853, -0.0003935334971174598, -0.00038414751179516315, -0.0003754608624149114, -0.00036742747761309147, -0.0003605197125580162, -0.00035282588214613497, -0.0006083743064664304, -0.000559821433853358, -0.0004272887308616191, -0.0003043526958208531, -0.0002146663173334673, -0.00014921627007424831, -9.806535672396421e-05, -5.688238888978958e-05, -2.1907268092036247e-05, 7.575261406600475e-06, 3.375408050487749e-05, 5.600593794952147e-05, 7.58664682507515e-05, 9.487305214861408e-05, 0.00011153984814882278, 0.00012540999159682542, 0.00013953587040305138, 0.00015176871966104954, 0.00016362417954951525, 0.00017386309627909213, -0.0001233052898896858, -3.469283183221705e-05, 0.0001306923950323835, 0.0002490361803211272, 0.0003215285250917077, 0.0003705412382259965, 0.00040771064232103527, 0.00043689573067240417, 0.00045845983549952507, 0.0004774901026394218, 0.0004936591722071171, 0.0005072941421531141, 0.0005193039542064071, 0.0005294382572174072, 0.000538787804543972, 0.0005472362390719354, 0.0005548187182284892, 0.0005613848916254938, 0.0005671652033925056, 0.0005728547112084925, 0.0007225605077110231, 0.0012931369710713625, 0.0018142815679311752, 0.0021114198025316, 0.002282441593706608, 0.0024004706647247076, 0.0024864778388291597, 0.0025518920738250017, 0.0026038531213998795, 0.0026468730065971613, 0.002682430436834693, 0.0027131603565067053, 0.0027414169162511826, 0.002765590324997902, 0.0027872081845998764, 0.0028079254552721977, 0.0028253383934497833, 0.0028417084831744432, 0.0028567183762788773, 0.002871152712032199, 0.0022926575038582087, 0.0023533988278359175, 0.0025277063250541687, 0.00271797482855618, 0.0028356483671814203, 0.002910182112827897, 0.002963368082419038, 0.0030034221708774567, 0.003034619614481926, 0.0030594412237405777, 0.0030808511655777693, 0.003098767949268222, 0.0031144197564572096, 0.003127784701064229, 0.003139584558084607, 0.0031504041980952024, 0.0031600752845406532, 0.0031685500871390104, 0.0031765736639499664], "Std Per Epoch": [0.009999998845160007, 0.010004418902099133, 0.009986643679440022, 0.009984389878809452, 0.009974564425647259, 0.009977041743695736, 0.009976929984986782, 0.009976659901440144, 0.009977116249501705, 0.009976060129702091, 0.009974661283195019, 0.009975023567676544, 0.009974542073905468, 0.009974400512874126, 0.0099729523062706, 0.009970766492187977, 0.009969227947294712, 0.009968890808522701, 0.0099683478474617, 0.009967784397304058, 0.009968687780201435, 0.010018747299909592, 0.010012648068368435, 0.010005944408476353, 0.009990114718675613, 0.009975285269320011, 0.009974248707294464, 0.009969260543584824, 0.009965364821255207, 0.009966008365154266, 0.009966027922928333, 0.009965360164642334, 0.009964977391064167, 0.009964951314032078, 0.009965088218450546, 0.009965253062546253, 0.009963594377040863, 0.009963874705135822, 0.009963490068912506, 0.0099638057872653, 0.009962466545403004, 0.009936286136507988, 0.009947468526661396, 0.009923530742526054, 0.009915470145642757, 0.009911186061799526, 0.009909456595778465, 0.009909442625939846, 0.00990560557693243, 0.009903820231556892, 0.00990248005837202, 0.009902785532176495, 0.009901739656925201, 0.009901626966893673, 0.009900338016450405, 0.009899969212710857, 0.009899411350488663, 0.00990019366145134, 0.009899481199681759, 0.009898965246975422, 0.009898749180138111, 0.009904253296554089, 0.009912070818245411, 0.0098938113078475, 0.009889385662972927, 0.009893777780234814, 0.009896847419440746, 0.00989473145455122, 0.009895284660160542, 0.009894091635942459, 0.009893189184367657, 0.00989331305027008, 0.009893029928207397, 0.00989422295242548, 0.009892935864627361, 0.00989307276904583, 0.00989235658198595, 0.00989279430359602, 0.009892310947179794, 0.009891516529023647, 0.00989107508212328, 0.009873914532363415, 0.00988990068435669, 0.009884607046842575, 0.009883084334433079, 0.009872839786112309, 0.009874987415969372, 0.00987537857145071, 0.009871362708508968, 0.009869971312582493, 0.009869883768260479, 0.009869163855910301, 0.00986816268414259, 0.009868082590401173, 0.009866793639957905, 0.009865906089544296, 0.009866069070994854, 0.009866018779575825, 0.009865895844995975, 0.009865610860288143], "_timestamp": 1693371865.2033272, "_runtime": 204.76483511924744, "_step": 0, "_wandb": {"runtime": 203}}