{"Test Accuracy": [0.1762, 0.2448, 0.3214, 0.3811, 0.5471], "Mean Per Epoch": [0.002486607525497675, 0.0024761424865573645, 0.0024660632479935884, 0.0024562596809118986, 0.002447366015985608, 0.002439304953441024, 0.0024318890646100044, 0.002425313927233219, 0.0024190698750317097, 0.0024127860087901354, 0.0024071375373750925, 0.0024018508847802877, 0.0023973349016159773, 0.0023933479096740484, 0.0023897772189229727, 0.002386656356975436, 0.0023840938229113817, 0.0023823287338018417, 0.0023806553799659014, 0.002379568526521325, 0.0023784495424479246, 0.0023769314866513014, 0.0023736509028822184, 0.0023702867329120636, 0.002367136301472783, 0.0023642461746931076, 0.0023615658283233643, 0.002358863363042474, 0.0023565362207591534, 0.0023546915035694838, 0.002353253308683634, 0.0023516749497503042, 0.0023505210410803556, 0.002349958522245288, 0.0023501631803810596, 0.0023506295401602983, 0.002351831877604127, 0.0023549434263259172, 0.0023607034236192703, 0.0023670040536671877, 0.0023748145904392004, 0.0023698543664067984, 0.0023626412730664015, 0.002355849603191018, 0.002348852576687932, 0.002342594787478447, 0.002336123725399375, 0.0023307742085307837, 0.002326421206817031, 0.0023245252668857574, 0.0023224290926009417, 0.0023203541059046984, 0.002319839084520936, 0.0023201301228255033, 0.0023210698273032904, 0.002321789041161537, 0.0023221359588205814, 0.0023214491084218025, 0.0023207503836601973, 0.0023201352450996637, 0.002319428138434887, 0.0023167263716459274, 0.0023111531045287848, 0.0023053307086229324, 0.00229942356236279, 0.0022933732252568007, 0.0022877745795994997, 0.002281731693074107, 0.002275800099596381, 0.0022704654838889837, 0.002265452640131116, 0.0022604416590183973, 0.002255365950986743, 0.0022505042143166065, 0.0022456382866948843, 0.002241001697257161, 0.002236631466075778, 0.0022323227021843195, 0.0022286579478532076, 0.0022256409283727407, 0.002222962910309434, 0.0022181395906955004, 0.0022104200907051563, 0.0022015643771737814, 0.0021934795659035444, 0.002185586141422391, 0.0021781998220831156, 0.0021715189795941114, 0.0021648856345564127, 0.0021584301721304655, 0.0021517437417060137, 0.0021457260008901358, 0.002139975782483816, 0.0021341899409890175, 0.0021285938564687967, 0.0021235973108559847, 0.0021187292877584696, 0.002113867551088333, 0.0021092768292874098, 0.002105267718434334], "Std Per Epoch": [0.01100000087171793, 0.0109984977170825, 0.011020238511264324, 0.011018585413694382, 0.011020495556294918, 0.011009164154529572, 0.011017832905054092, 0.011051259003579617, 0.01103159785270691, 0.011003517545759678, 0.010993423871695995, 0.010969575494527817, 0.010940175503492355, 0.010906399227678776, 0.010916448198258877, 0.010886821895837784, 0.010911616496741772, 0.010906768031418324, 0.010903355665504932, 0.010913234204053879, 0.010875905863940716, 0.010842859745025635, 0.010834096930921078, 0.010861755348742008, 0.010881059803068638, 0.010890117846429348, 0.01089314091950655, 0.010906975716352463, 0.010898071341216564, 0.010909204371273518, 0.010905536822974682, 0.010919266380369663, 0.010933641344308853, 0.010983709245920181, 0.010979492217302322, 0.01100868359208107, 0.011115706525743008, 0.0111587168648839, 0.011367861181497574, 0.011313281022012234, 0.011236247606575489, 0.011214877478778362, 0.0112135736271739, 0.011255147866904736, 0.011234697885811329, 0.011274971067905426, 0.011272684670984745, 0.011263474822044373, 0.01127587165683508, 0.011331724934279919, 0.011212577112019062, 0.011257787235081196, 0.011239070445299149, 0.011261697858572006, 0.011211530305445194, 0.011213220655918121, 0.011129177175462246, 0.011095337569713593, 0.011108261533081532, 0.011080369353294373, 0.011076810769736767, 0.01108674705028534, 0.011089767329394817, 0.011080493219196796, 0.011085331439971924, 0.011124431155622005, 0.011147948913276196, 0.011079207062721252, 0.011074860580265522, 0.011072415858507156, 0.011072073131799698, 0.011062351055443287, 0.011028473265469074, 0.011020522564649582, 0.0109926862642169, 0.01096933614462614, 0.010994884185492992, 0.01099194586277008, 0.011004410684108734, 0.011019703932106495, 0.011047996580600739, 0.011093712411820889, 0.011098465882241726, 0.011100404895842075, 0.011097345501184464, 0.011097121983766556, 0.011092198081314564, 0.011129125952720642, 0.011104888282716274, 0.01108565554022789, 0.01105495635420084, 0.011059789918363094, 0.011091413907706738, 0.011064541526138783, 0.011061160825192928, 0.011084574274718761, 0.011109934188425541, 0.01110364031046629, 0.01110754907131195, 0.01114626694470644], "_timestamp": 1693332982.58389, "_runtime": 215.00454592704773, "_step": 0, "_wandb": {"runtime": 213}}