{"Test Accuracy": [0.1904, 0.2147, 0.2745, 0.1997, 0.1909], "Mean Per Epoch": null, "Std Per Epoch": null, "_timestamp": 1693319294.8976607, "_runtime": 109.56329369544983, "_step": 0, "_wandb": {"runtime": 108}}