{"Test Accuracy": [0.1983, 0.2083, 0.1973, 0.1922, 0.1978], "Mean Per Epoch": null, "Std Per Epoch": null, "_timestamp": 1693321787.8613007, "_runtime": 118.55917263031006, "_step": 0, "_wandb": {"runtime": 115}}