{"Test Accuracy": [0.1011, 0.1007, 0.1023, 0.1035, 0.0993], "Mean Per Epoch": null, "Std Per Epoch": null, "_timestamp": 1693384630.4945683, "_runtime": 1294.590193271637, "_step": 0, "_wandb": {"runtime": 1293}}