{"Test Accuracy": [0.0889, 0.0863, 0.0857, 0.0875, 0.0852], "Mean Per Epoch": null, "Std Per Epoch": null, "_timestamp": 1693379352.9650412, "_runtime": 1295.1357440948486, "_step": 0, "_wandb": {"runtime": 1293}}