{"Test Accuracy": [0.1967, 0.2007, 0.1815, 0.1956, 0.2115], "Mean Per Epoch": null, "Std Per Epoch": null, "_timestamp": 1693364446.2034175, "_runtime": 126.55082964897156, "_step": 0, "_wandb": {"runtime": 125}}