{"Test Accuracy": [0.1982, 0.2015, 0.2183, 0.2528, 0.1833], "Mean Per Epoch": null, "Std Per Epoch": null, "_timestamp": 1693385177.7784002, "_runtime": 116.8758533000946, "_step": 0, "_wandb": {"runtime": 115}}