{"Test Accuracy": [0.1866, 0.2689, 0.279, 0.344, 0.4396], "Mean Per Epoch": [0.00048783235251903534, 0.00047842468484304845, 0.0004694330564234406, 0.00046084626228548586, 0.0004529286234173924, 0.0004456726892385632, 0.0004387821536511183, 0.0004321679298300296, 0.0004263042937964201, 0.0004210085899103433, 0.00041617764509283006, 0.00041182301356457174, 0.00040800427086651325, 0.0004045688547194004, 0.00040144717786461115, 0.00039853519410826266, 0.00039605656638741493, 0.0003939507296308875, 0.0003919826995115727, 0.0003904357145074755, 0.0003891492960974574, 0.00038534743362106383, 0.0003800060076173395, 0.00037457546568475664, 0.0003690019657369703, 0.0003629997081588954, 0.00035755065619014204, 0.00035277113784104586, 0.00034822485758922994, 0.0003435735125094652, 0.0003391062200535089, 0.0003350099141243845, 0.0003309984167572111, 0.0003269975713919848, 0.0003233024326618761, 0.0003195629396941513, 0.0003158457111567259, 0.00031224338454194367, 0.0003087593358941376, 0.0003056364366784692, 0.000302970438497141, 0.0002987975312862545, 0.0002930855844169855, 0.00028791706427000463, 0.0002825939154718071, 0.00027726709959097207, 0.00027206921367906034, 0.0002670676039997488, 0.0002625297929625958, 0.00025843572802841663, 0.0002548009215388447, 0.00025122283841483295, 0.0002477797388564795, 0.00024423919967375696, 0.00024047745682764798, 0.0002369249559706077, 0.00023377597972285002, 0.00023071881150826812, 0.0002278936590300873, 0.0002253453858429566, 0.00022296585666481405, 0.00022066298697609454, 0.0002161981537938118, 0.0002121716970577836, 0.00020882974786218256, 0.00020578822295647115, 0.0002036576042883098, 0.00020190526265650988, 0.00020093804050702602, 0.00020115163351874799, 0.00020190929353702813, 0.00020289665553718805, 0.0002030705363722518, 0.00020274787675589323, 0.0002035800862358883, 0.0002076731761917472, 0.0002141828153980896, 0.00022241787519305944, 0.0002305509551661089, 0.0002358601923333481, 0.00023930403403937817, 0.00023941810650285333, 0.00023317446175497025, 0.00022632897889707237, 0.000219076537177898, 0.0002122628502547741, 0.00020569231128320098, 0.00019932702707592398, 0.0001930731814354658, 0.00018694096070248634, 0.00018119985179509968, 0.00017551305063534528, 0.000169524981174618, 0.00016373571997974068, 0.00015828426694497466, 0.0001524899562355131, 0.00014700826432090253, 0.00014194722461979836, 0.00013747352932114154, 0.00013335325638763607], "Std Per Epoch": [0.01100000087171793, 0.010963157750666142, 0.010952015407383442, 0.010927761904895306, 0.010914049111306667, 0.010949407704174519, 0.01092354953289032, 0.010928102768957615, 0.010926137678325176, 0.010878450237214565, 0.010872229002416134, 0.010884076356887817, 0.0108775170519948, 0.010885804891586304, 0.010842743329703808, 0.010836712084710598, 0.010850358754396439, 0.010831158608198166, 0.010833960957825184, 0.010838712565600872, 0.010833673179149628, 0.010827050544321537, 0.01085412222892046, 0.010864882729947567, 0.010842695832252502, 0.010842942632734776, 0.010871149599552155, 0.010902881622314453, 0.010899252258241177, 0.01087162271142006, 0.010894372127950191, 0.010865229181945324, 0.010830587707459927, 0.010844901204109192, 0.010832437314093113, 0.010836589150130749, 0.010807103477418423, 0.010794994421303272, 0.010787957347929478, 0.010813027620315552, 0.010821211151778698, 0.010826046578586102, 0.010866831056773663, 0.010861489921808243, 0.010807760059833527, 0.010816924273967743, 0.01078429538756609, 0.010788536630570889, 0.010818753391504288, 0.010836190544068813, 0.010801083408296108, 0.010810703970491886, 0.010804511606693268, 0.010756907053291798, 0.010748016647994518, 0.010755536146461964, 0.010757331736385822, 0.010765171609818935, 0.010769338347017765, 0.010760095901787281, 0.010754290036857128, 0.010747904889285564, 0.010775535367429256, 0.010793243534862995, 0.010823204182088375, 0.010848935693502426, 0.010862560011446476, 0.010880672372877598, 0.0109280189499259, 0.010915582068264484, 0.010976709425449371, 0.010909170843660831, 0.010880372487008572, 0.010943461209535599, 0.011043816804885864, 0.011100847274065018, 0.011111248284578323, 0.011164311319589615, 0.011239944957196712, 0.011126089841127396, 0.011076160706579685, 0.010966402478516102, 0.01096950564533472, 0.010966717265546322, 0.010993052273988724, 0.011013410985469818, 0.011032494716346264, 0.011050764471292496, 0.011020619422197342, 0.011044804006814957, 0.011036884039640427, 0.011086857877671719, 0.011126424185931683, 0.011143003590404987, 0.01110090035945177, 0.011139276437461376, 0.011074788868427277, 0.011087313294410706, 0.01104371901601553, 0.011054943315684795], "_timestamp": 1693359398.5567837, "_runtime": 212.05519771575928, "_step": 0, "_wandb": {"runtime": 210}}