{"Test Accuracy": [0.0926, 0.0951, 0.0907, 0.0898, 0.0886], "Mean Per Epoch": null, "Std Per Epoch": null, "_timestamp": 1693381993.6870866, "_runtime": 1291.7741386890411, "_step": 0, "_wandb": {"runtime": 1290}}