{"Test Accuracy": [0.1994, 0.2809, 0.2197, 0.2157, 0.2075], "Mean Per Epoch": null, "Std Per Epoch": null, "_timestamp": 1693329982.9489415, "_runtime": 118.12293744087219, "_step": 0, "_wandb": {"runtime": 116}}