{"Test Accuracy": [0.1908, 0.1859, 0.2001, 0.2072, 0.2149], "Mean Per Epoch": null, "Std Per Epoch": null, "_timestamp": 1693390576.2426207, "_runtime": 111.83149266242981, "_step": 0, "_wandb": {"runtime": 110}}