{"Test Accuracy": [0.0866, 0.0894, 0.084, 0.0872, 0.0893], "Mean Per Epoch": null, "Std Per Epoch": null, "_timestamp": 1693337147.1111724, "_runtime": 1302.577285528183, "_step": 0, "_wandb": {"runtime": 1301}}