{"Test Accuracy": [0.1889, 0.2003, 0.2215, 0.1939, 0.1969], "Mean Per Epoch": null, "Std Per Epoch": null, "_timestamp": 1693340339.1205606, "_runtime": 118.03474760055542, "_step": 0, "_wandb": {"runtime": 116}}