{"Test Accuracy": [0.1959, 0.2455, 0.2005, 0.2226, 0.2025], "Mean Per Epoch": null, "Std Per Epoch": null, "_timestamp": 1693356414.2233512, "_runtime": 117.49352717399597, "_step": 0, "_wandb": {"runtime": 116}}