{"Test Accuracy": [0.2082, 0.2193, 0.2443, 0.1999, 0.2068], "Mean Per Epoch": null, "Std Per Epoch": null, "_timestamp": 1693327327.9601917, "_runtime": 117.02040266990662, "_step": 0, "_wandb": {"runtime": 115}}