{"Test Accuracy": [0.2101, 0.3497, 0.3217, 0.5319, 0.288], "Mean Per Epoch": [-0.00027762234094552696, -0.00029005840769968927, -0.0003016693517565727, -0.00031270153704099357, -0.0003229628491681069, -0.0003328048624098301, -0.00034244105336256325, -0.0003516034921631217, -0.0003602996875997633, -0.0003687473654281348, -0.0003766573790926486, -0.00038416890311054885, -0.0003912690153811127, -0.00039821272366680205, -0.00040494263521395624, -0.0004115077608730644, -0.00041769712697714567, -0.00042344475514255464, -0.0004287294577807188, -0.0004337724531069398, -0.0004387363151181489, -0.00044158948003314435, -0.00044407055247575045, -0.0004480607167351991, -0.0004512079758569598, -0.00045466748997569084, -0.0004567989381030202, -0.0004590496828313917, -0.00045901400153525174, -0.00045794714242219925, -0.0004578274383675307, -0.00045695877633988857, -0.0004576344508677721, -0.00045625842176377773, -0.0004531872982624918, -0.00044812122359871864, -0.00043936321162618697, -0.00043698292574845254, -0.00043470264063216746, -0.00043099341564811766, -0.0004259750712662935, -0.00042926720925606787, -0.0004362963081803173, -0.00044089718721807003, -0.0004433167923707515, -0.00044601745321415365, -0.0004455583402886987, -0.00043629552237689495, -0.0004162003460805863, -0.0004134069022256881, -0.0004107773711439222, -0.0004096560587640852, -0.0004065493994858116, -0.0004047793336212635, -0.00038801776827313006, -0.0003717235813383013, -0.00036090670619159937, -0.00035723097971640527, -0.0003514846321195364, -0.0003433899546507746, -0.00033168261870741844, -0.00033626783988438547, -0.00034637338831089437, -0.0003568916581571102, -0.00036769910366274416, -0.0003802110441029072, -0.00039414409548044205, -0.00040953457937575877, -0.0004215517546981573, -0.0004322711320128292, -0.00044118380174040794, -0.00044927431736141443, -0.00045771151781082153, -0.0004636467492673546, -0.00046737538650631905, -0.0004726091574411839, -0.0004775761626660824, -0.0004794894193764776, -0.0004779940063599497, -0.000458642520243302, -0.00037517366581596434, -0.0003844638995360583, -0.0004050307907164097, -0.0004297714040149003, -0.0004504825919866562, -0.000470086612040177, -0.00048676927690394223, -0.0005058737588115036, -0.0005265585496090353, -0.0005437434301711619, -0.0005625938647426665, -0.000583261193241924, -0.0006054327823221684, -0.0006272401660680771, -0.000645035004708916, -0.0006595666636712849, -0.000670652196276933, -0.0006812734063714743, -0.0006912244134582579, -0.0007009768742136657], "Std Per Epoch": [0.01100000087171793, 0.011040937155485153, 0.011030987836420536, 0.011017094366252422, 0.011044147424399853, 0.011022690683603287, 0.0110497260466218, 0.011042754165828228, 0.011057142168283463, 0.011064465157687664, 0.011046345345675945, 0.011045063845813274, 0.011037955991923809, 0.011023201048374176, 0.011002673767507076, 0.010963528417050838, 0.010945864953100681, 0.010929830372333527, 0.010927703231573105, 0.010918962769210339, 0.010931703262031078, 0.011008298955857754, 0.011012149043381214, 0.011091629974544048, 0.01106197014451027, 0.011078360490500927, 0.011048220098018646, 0.01117254514247179, 0.011141126044094563, 0.011223222129046917, 0.011182490736246109, 0.011174507439136505, 0.011196251027286053, 0.011285471729934216, 0.011303823441267014, 0.011366517283022404, 0.011381096206605434, 0.011225436814129353, 0.0112439701333642, 0.011267217807471752, 0.011259191669523716, 0.01125516090542078, 0.011297091841697693, 0.011362445540726185, 0.011385757476091385, 0.011439637281000614, 0.011561364866793156, 0.011774959973990917, 0.01152147725224495, 0.01152024045586586, 0.011329402215778828, 0.011478095315396786, 0.011448446661233902, 0.011569182388484478, 0.011789622716605663, 0.011681511066854, 0.011489331722259521, 0.0114446384832263, 0.011623985134065151, 0.011573553085327148, 0.011609229259192944, 0.011533908545970917, 0.011467930860817432, 0.011540467850863934, 0.011655263602733612, 0.01166877057403326, 0.011839908547699451, 0.011799330823123455, 0.011785641312599182, 0.011656679213047028, 0.01159556582570076, 0.011629156768321991, 0.011640655808150768, 0.011633145622909069, 0.011706971563398838, 0.011530683375895023, 0.011649479158222675, 0.011850685812532902, 0.01199871301651001, 0.013029560446739197, 0.01244585681706667, 0.012407094240188599, 0.012673869729042053, 0.012476510368287563, 0.012346099130809307, 0.012325008399784565, 0.012128889560699463, 0.012412791140377522, 0.01221849862486124, 0.012194521725177765, 0.012387032620608807, 0.012288615107536316, 0.012455601245164871, 0.012065754272043705, 0.012047256343066692, 0.011826273053884506, 0.011718080379068851, 0.011707636527717113, 0.011701039038598537, 0.011628725565969944], "_timestamp": 1693337367.4759548, "_runtime": 212.94072675704956, "_step": 0, "_wandb": {"runtime": 211}}