{"Test Accuracy": [0.1958, 0.1906, 0.1983, 0.1999, 0.1948], "Mean Per Epoch": [0.0004690953064709902, 0.0005595220136456192, 0.0007750933873467147, 0.0009294517803937197, 0.0010303397430106997, 0.001107115764170885, 0.0011596299009397626, 0.0012005922617390752, 0.0012337955413386226, 0.0012601061025634408, 0.0012822733260691166, 0.0013013920979574323, 0.001317868591286242, 0.001332477550022304, 0.0013456139713525772, 0.001357533154077828, 0.0013682913267984986, 0.0013780727749690413, 0.001387147232890129, 0.0013951988657936454, 0.0014026925200596452, 0.0011559264967218041, 0.0013653222704306245, 0.001507157925516367, 0.0015897508710622787, 0.0016469244146719575, 0.0016905198572203517, 0.0017254488775506616, 0.0017542456043884158, 0.0017779184272512794, 0.0017994694644585252, 0.00181752594653517, 0.0018346452852711082, 0.0018480481812730432, 0.001862832810729742, 0.001874653622508049, 0.0018859682604670525, 0.0018963651964440942, 0.001905286218971014, 0.0019131368026137352, 0.001921245246194303, 0.0013551446609199047, 0.0012401523999869823, 0.001286397106014192, 0.0013381409225985408, 0.0013734217500314116, 0.0014010133454576135, 0.0014223678736016154, 0.0014393219025805593, 0.0014533106004819274, 0.0014652000973001122, 0.00147551903501153, 0.001484458683989942, 0.0014923695707693696, 0.0014995294623076916, 0.0015060455771163106, 0.0015121219912543893, 0.001517529017291963, 0.0015224205562844872, 0.0015268920687958598, 0.0015310788294300437, 0.0011115927482023835, 0.0009762360714375973, 0.0009966070065274835, 0.0010510729625821114, 0.001104599330574274, 0.0011446449207141995, 0.0011749867117032409, 0.0011989863123744726, 0.0012189792469143867, 0.0012360308319330215, 0.0012506736675277352, 0.0012635638704523444, 0.0012752022594213486, 0.0012853966327384114, 0.001294619869440794, 0.0013030379777774215, 0.001310638035647571, 0.0013176972279325128, 0.0013239550171419978, 0.001329808379523456, 0.0009423736482858658, 0.0008654733537696302, 0.0008764796075411141, 0.0008993339724838734, 0.000921737402677536, 0.0009415266686119139, 0.0009590153931640089, 0.0009737859363667667, 0.0009863388258963823, 0.0009968230733647943, 0.0010057252366095781, 0.0010137073695659637, 0.001020660623908043, 0.0010265989694744349, 0.0010320845758542418, 0.001037212903611362, 0.0010417943121865392, 0.001045868149958551, 0.0010493630543351173], "Std Per Epoch": [0.009999998845160007, 0.010010162368416786, 0.010003829374909401, 0.009992408566176891, 0.009994595311582088, 0.009994165040552616, 0.009992792271077633, 0.009992798790335655, 0.009992442093789577, 0.009990532882511616, 0.009991473518311977, 0.009991185739636421, 0.00999185536056757, 0.009991633705794811, 0.009992227889597416, 0.009992282837629318, 0.009991993196308613, 0.009991281665861607, 0.009990562684834003, 0.009990585036575794, 0.009990296326577663, 0.009967348538339138, 0.00997140072286129, 0.009969953447580338, 0.009966320358216763, 0.009965901263058186, 0.00996248796582222, 0.00996271800249815, 0.009961999952793121, 0.009961995296180248, 0.009961921721696854, 0.00996176153421402, 0.009962916374206543, 0.009961863048374653, 0.009960991330444813, 0.009961447678506374, 0.009961350820958614, 0.009960943832993507, 0.00995936244726181, 0.009958564303815365, 0.009958229027688503, 0.009984033182263374, 0.009987559169530869, 0.00998220220208168, 0.009971996769309044, 0.009968775324523449, 0.009968525730073452, 0.009967914782464504, 0.009965170174837112, 0.009966154582798481, 0.009965671226382256, 0.009965941309928894, 0.009964503347873688, 0.009964040480554104, 0.009963459335267544, 0.009963675402104855, 0.009963102638721466, 0.009961496107280254, 0.009960967116057873, 0.00996012706309557, 0.009959501214325428, 0.009946029633283615, 0.009904754348099232, 0.009904928505420685, 0.009906838648021221, 0.009897015057504177, 0.009893535636365414, 0.0098885428160429, 0.009886488318443298, 0.00988625455647707, 0.009886497631669044, 0.009885833598673344, 0.009886639192700386, 0.009886442683637142, 0.009886444546282291, 0.009885764680802822, 0.009885302744805813, 0.009884792380034924, 0.009884423576295376, 0.009884720668196678, 0.009884369559586048, 0.009848647750914097, 0.009830981492996216, 0.009826885536313057, 0.009825785644352436, 0.009825506247580051, 0.009824461303651333, 0.009823105297982693, 0.009821988642215729, 0.009821641258895397, 0.009818673133850098, 0.00981861911714077, 0.009818202815949917, 0.009817573241889477, 0.009817401878535748, 0.009816913865506649, 0.009816416539251804, 0.009816388599574566, 0.009815171360969543, 0.009815264493227005], "_timestamp": 1693354342.1430016, "_runtime": 203.70303463935852, "_step": 0, "_wandb": {"runtime": 202}}