{"Test Accuracy": [0.1007, 0.1009, 0.1028, 0.0973, 0.0931], "Mean Per Epoch": null, "Std Per Epoch": null, "_timestamp": 1693329200.7650542, "_runtime": 1309.5861113071442, "_step": 0, "_wandb": {"runtime": 1308}}