{"Test Accuracy": [0.2017, 0.196, 0.1966, 0.1988, 0.2004], "Mean Per Epoch": null, "Std Per Epoch": null, "_timestamp": 1693380018.7299776, "_runtime": 110.1925835609436, "_step": 0, "_wandb": {"runtime": 108}}