{"Test Accuracy": [0.1979, 0.1981, 0.1813, 0.2132, 0.2741], "Mean Per Epoch": null, "Std Per Epoch": null, "_timestamp": 1693351154.399894, "_runtime": 117.54839396476746, "_step": 0, "_wandb": {"runtime": 116}}