{"Test Accuracy": [0.1834, 0.2126, 0.1891, 0.1976, 0.2407], "Mean Per Epoch": [-0.0019007989903911948, -0.0018922537565231323, -0.0018600871553644538, -0.0018458961276337504, -0.0018288944847881794, -0.0018119352171197534, -0.0017970913322642446, -0.0017833764431998134, -0.001771849230863154, -0.0017606249311938882, -0.0017501856200397015, -0.0017411174485459924, -0.001732119475491345, -0.0017249552765861154, -0.0017181886360049248, -0.0017122086137533188, -0.0017065826104953885, -0.0017018640646710992, -0.0016977576306089759, -0.0016942741349339485, -0.0016908171819522977, -0.001775923534296453, -0.0015716362977400422, -0.0013204502174630761, -0.0011488072341307998, -0.0010471395216882229, -0.000977933406829834, -0.0009280894882977009, -0.0008903128909878433, -0.0008600639994256198, -0.0008351489086635411, -0.0008143442682921886, -0.0007966870325617492, -0.0007812336552888155, -0.0007678003166802227, -0.0007560132071375847, -0.000745107710827142, -0.0007354368572123349, -0.000726603961084038, -0.0007182101835496724, -0.0007106463308446109, -0.0010164560517296195, -0.0009571769624017179, -0.0008609949727542698, -0.0007934768800623715, -0.0007461943314410746, -0.000710757274646312, -0.000681836623698473, -0.0006568254320882261, -0.0006360352272167802, -0.0006173795554786921, -0.0006011247751303017, -0.0005868182051926851, -0.0005737079191021621, -0.000562436121981591, -0.0005521263810805976, -0.0005424302071332932, -0.0005337127367965877, -0.0005257833399809897, -0.0005179735017009079, -0.0005113354418426752, -0.0006600311608053744, -0.00010780753655126318, 0.0004294778627809137, 0.0007444678922183812, 0.0009473518584854901, 0.0011010476155206561, 0.0012167156673967838, 0.0013048150576651096, 0.001378977787680924, 0.0014358884654939175, 0.0014875028282403946, 0.0015310744056478143, 0.0015696376794949174, 0.0016015754081308842, 0.0016328719211742282, 0.0016612475737929344, 0.0016845097998157144, 0.0017075914656743407, 0.0017255415441468358, 0.0017459330847486854, 0.0009153129649348557, 0.0006629312410950661, 0.0006199455237947404, 0.0006163992802612484, 0.0006186730461195111, 0.0006256253109313548, 0.0006309461314231157, 0.0006370130577124655, 0.0006415221141651273, 0.0006450431537814438, 0.0006484990008175373, 0.0006520406459458172, 0.0006547214579768479, 0.0006575617589987814, 0.0006596824969165027, 0.0006616094033233821, 0.000663605285808444, 0.0006652395240962505, 0.0006667086272500455], "Std Per Epoch": [0.009999998845160007, 0.009978593327105045, 0.009990218095481396, 0.009986378252506256, 0.009986807592213154, 0.009985465556383133, 0.009985490702092648, 0.00998371746391058, 0.009981865994632244, 0.009980350732803345, 0.009980395436286926, 0.00997826550155878, 0.009978435933589935, 0.009977137669920921, 0.009977268986403942, 0.009977038018405437, 0.00997698213905096, 0.009975605644285679, 0.009974655695259571, 0.009974577464163303, 0.009974964894354343, 0.00998194981366396, 0.009984235279262066, 0.009981593117117882, 0.009970776736736298, 0.009967652149498463, 0.00996506866067648, 0.00996220950037241, 0.009960546158254147, 0.0099593885242939, 0.009958394803106785, 0.009956920519471169, 0.009956234134733677, 0.009955119341611862, 0.00995488092303276, 0.009954646229743958, 0.009954214096069336, 0.009955048561096191, 0.009955073706805706, 0.009955388493835926, 0.009955660440027714, 0.009953743778169155, 0.009960626251995564, 0.009952018968760967, 0.009950599633157253, 0.009949702769517899, 0.009948995895683765, 0.00995197519659996, 0.00995059497654438, 0.009947611950337887, 0.009948374703526497, 0.00994635559618473, 0.009944655001163483, 0.009945224970579147, 0.009942866861820221, 0.009941852651536465, 0.009941509924829006, 0.00994101818650961, 0.009940322488546371, 0.009938662871718407, 0.009938222356140614, 0.009994803927838802, 0.010024928487837315, 0.010013967752456665, 0.010018005035817623, 0.010042027570307255, 0.010035756975412369, 0.010035714134573936, 0.010036442428827286, 0.01003482099622488, 0.010034228675067425, 0.010035110637545586, 0.010034414939582348, 0.010032732971012592, 0.010031606070697308, 0.010031108744442463, 0.010028439573943615, 0.010028691031038761, 0.010026833973824978, 0.01002598088234663, 0.010027206502854824, 0.009992850013077259, 0.010023954324424267, 0.010036621242761612, 0.010035431012511253, 0.010031793266534805, 0.010029255412518978, 0.010027633048593998, 0.010030324570834637, 0.01003171969205141, 0.010031924583017826, 0.01003238558769226, 0.010032312013208866, 0.010031376034021378, 0.010031231679022312, 0.010031179524958134, 0.010031509213149548, 0.010031736455857754, 0.010030289180576801, 0.010031109675765038], "_timestamp": 1693387698.2921395, "_runtime": 204.0093765258789, "_step": 0, "_wandb": {"runtime": 202}}