{"Test Accuracy": [0.189, 0.1983, 0.1975, 0.1931, 0.2205], "Mean Per Epoch": null, "Std Per Epoch": null, "_timestamp": 1693382540.1296546, "_runtime": 117.36018061637878, "_step": 0, "_wandb": {"runtime": 115}}