{"Test Accuracy": [0.1872, 0.2154, 0.1929, 0.2042, 0.2493], "Mean Per Epoch": null, "Std Per Epoch": null, "_timestamp": 1693388184.9177647, "_runtime": 126.55900573730469, "_step": 0, "_wandb": {"runtime": 125}}