{"Test Accuracy": [0.199, 0.1986, 0.1996, 0.2137, 0.182], "Mean Per Epoch": null, "Std Per Epoch": null, "_timestamp": 1693369714.4222243, "_runtime": 126.47756338119507, "_step": 0, "_wandb": {"runtime": 125}}