{"Test Accuracy": {"Top1_Acc_Epoch/train_phase/train_stream/Task000": 0.9637172685264419, "Top1_Acc_Exp/eval_phase/test_stream/Task000/Exp000": 0.9833333333333333, "Top1_Acc_Exp/eval_phase/test_stream/Task000/Exp001": 0.0, "Top1_Acc_Exp/eval_phase/test_stream/Task000/Exp002": 0.0, "Top1_Acc_Exp/eval_phase/test_stream/Task000/Exp003": 0.0, "Top1_Acc_Exp/eval_phase/test_stream/Task000/Exp004": 0.0, "Top1_Acc_Stream/eval_phase/test_stream/Task000": 0.1888}, "Mean Per Epoch": {"_type": "histogram", "values": [1, 1, 0, 11, 5, 1, 2, 0, 1, 3, 2, 4, 4, 5, 1, 3, 6, 6, 9, 2, 2, 3, 7, 4, 1, 0, 1, 1, 2, 2, 4, 6], "bins": [0.0016464865766465664, 0.0017119924305006862, 0.0017774984007701278, 0.0018430042546242476, 0.0019085102248936892, 0.0019740161951631308, 0.0020395219326019287, 0.0021050279028713703, 0.002170533873140812, 0.00223603961057961, 0.0023015455808490515, 0.002367051551118493, 0.0024325575213879347, 0.0024980632588267326, 0.0025635692290961742, 0.002629075199365616, 0.0026945811696350574, 0.0027600869070738554, 0.002825592877343297, 0.0028910988476127386, 0.0029566045850515366, 0.003022110555320978, 0.0030876165255904198, 0.0031531224958598614, 0.0032186282332986593, 0.003284134203568101, 0.0033496401738375425, 0.0034151459112763405, 0.003480651881545782, 0.0035461578518152237, 0.0036116638220846653, 0.0036771695595234632, 0.003742675529792905]}, "Std Per Epoch": {"_type": "histogram", "values": [7, 2, 15, 14, 0, 1, 0, 0, 0, 2, 10, 7, 0, 0, 5, 9, 2, 3, 1, 0, 1, 1, 1, 0, 1, 0, 1, 0, 4, 8, 3, 2], "bins": [0.009930680505931377, 0.009934723377227783, 0.009938767179846764, 0.00994281005114317, 0.009946852922439575, 0.009950895793735981, 0.009954939596354961, 0.009958982467651367, 0.009963025338947773, 0.009967069141566753, 0.00997111201286316, 0.009975154884159565, 0.00997919775545597, 0.009983241558074951, 0.009987284429371357, 0.009991327300667763, 0.009995371103286743, 0.009999413974583149, 0.010003456845879555, 0.01000749971717596, 0.010011543519794941, 0.010015586391091347, 0.010019629262387753, 0.010023672133684158, 0.010027715936303139, 0.010031758807599545, 0.01003580167889595, 0.01003984548151493, 0.010043888352811337, 0.010047931224107742, 0.010051974095404148, 0.010056017898023129, 0.010060060769319534]}, "_timestamp": 1693314266.6682987, "_runtime": 203.5917308330536, "_step": 0, "_wandb": {"runtime": 200}}