{"Test Accuracy": [0.1131, 0.1131, 0.1099, 0.1188, 0.1149], "Mean Per Epoch": null, "Std Per Epoch": null, "_timestamp": 1693389911.1826677, "_runtime": 1298.1471798419952, "_step": 0, "_wandb": {"runtime": 1296}}