{"Test Accuracy": [0.094, 0.0988, 0.0953, 0.0905, 0.0945], "Mean Per Epoch": null, "Std Per Epoch": null, "_timestamp": 1693326541.9313045, "_runtime": 1296.8747963905334, "_step": 0, "_wandb": {"runtime": 1295}}