{"Test Accuracy": [0.2145, 0.2513, 0.1883, 0.1934, 0.2085], "Mean Per Epoch": null, "Std Per Epoch": null, "_timestamp": 1693393353.6589513, "_runtime": 118.43440437316895, "_step": 0, "_wandb": {"runtime": 117}}