{"Test Accuracy": [0.1994, 0.186, 0.2161, 0.1942, 0.1998], "Mean Per Epoch": null, "Std Per Epoch": null, "_timestamp": 1693361441.1694758, "_runtime": 117.27685189247131, "_step": 0, "_wandb": {"runtime": 115}}