{"Test Accuracy": [0.2017, 0.2834, 0.1941, 0.199, 0.2185], "Mean Per Epoch": null, "Std Per Epoch": null, "_timestamp": 1693380141.9525988, "_runtime": 117.61936974525452, "_step": 0, "_wandb": {"runtime": 116}}