{"Test Accuracy": [0.199, 0.1986, 0.1996, 0.2133, 0.1819], "Mean Per Epoch": null, "Std Per Epoch": null, "_timestamp": 1693369463.113861, "_runtime": 110.3145740032196, "_step": 0, "_wandb": {"runtime": 108}}