{"Test Accuracy": [0.122, 0.1239, 0.1198, 0.1244, 0.1212], "Mean Per Epoch": null, "Std Per Epoch": null, "_timestamp": 1693363526.686848, "_runtime": 1291.9685049057007, "_step": 0, "_wandb": {"runtime": 1290}}