{"Test Accuracy": [0.2145, 0.1916, 0.1846, 0.1963, 0.2033], "Mean Per Epoch": null, "Std Per Epoch": null, "_timestamp": 1693393486.2109177, "_runtime": 128.17394471168518, "_step": 0, "_wandb": {"runtime": 126}}