{"Test Accuracy": [0.1982, 0.2015, 0.2197, 0.2527, 0.1832], "Mean Per Epoch": null, "Std Per Epoch": null, "_timestamp": 1693385544.7255132, "_runtime": 126.12930011749268, "_step": 0, "_wandb": {"runtime": 124}}