{"Test Accuracy": [0.1962, 0.2078, 0.194, 0.1908, 0.1949], "Mean Per Epoch": [-0.001439604558981955, -0.001343049923889339, -0.0011900021927431226, -0.0010851402767002583, -0.0010082111693918705, -0.0009577019955031574, -0.0009188582189381123, -0.0008889182936400175, -0.0008643795736134052, -0.0008437137003056705, -0.000826020201202482, -0.0008108201436698437, -0.0007976360502652824, -0.0007867457461543381, -0.0007771782111376524, -0.0007678887341171503, -0.0007601075922138989, -0.0007517992635257542, -0.0007447258103638887, -0.0007383908960036933, -0.0007324538310058415, -0.0011633638059720397, -0.0012440684949979186, -0.0011893914779648185, -0.0011495662620291114, -0.0011202204041182995, -0.0010945567628368735, -0.001075251610018313, -0.001059586531482637, -0.0010466192616149783, -0.0010360147571191192, -0.001027017249725759, -0.0010192678309977055, -0.0010127461282536387, -0.0010068060364574194, -0.0010015926091000438, -0.000997113180346787, -0.000992853776551783, -0.0009892326779663563, -0.0009860772406682372, -0.0009831616189330816, -0.0010491380235180259, -0.0008413924369961023, -0.0007385874632745981, -0.0006807062309235334, -0.0006406889879144728, -0.0006108232191763818, -0.0005885633290745318, -0.0005701621994376183, -0.0005545149906538427, -0.0005419817171059549, -0.0005306944367475808, -0.0005210365052334964, -0.0005124678136780858, -0.0005050020408816636, -0.0004984828410670161, -0.0004926775582134724, -0.00048743956722319126, -0.0004823410417884588, -0.0004776011628564447, -0.00047360200551338494, -0.000854747835546732, -0.0007796487770974636, -0.0006067487993277609, -0.0004915932076983154, -0.0004107733257114887, -0.00035634334199130535, -0.00031349927303381264, -0.00027983292238786817, -0.0002541644498705864, -0.0002330294082639739, -0.00021505530457943678, -0.00020023330580443144, -0.0001855362206697464, -0.00017337931785732508, -0.000161848496645689, -0.0001519332581665367, -0.00014307738456409425, -0.00013498190673999488, -0.00012486860214266926, -0.00011836853082058951, -0.0009027887135744095, -0.001165109104476869, -0.0012938875006511807, -0.0013311431976035237, -0.0013368447544053197, -0.001333714579232037, -0.0013290069764479995, -0.0013246611924842, -0.00132082833442837, -0.0013166945427656174, -0.0013131997548043728, -0.0013099784264340997, -0.001307219616137445, -0.0013050046982243657, -0.0013028858229517937, -0.0013009979156777263, -0.001299329218454659, -0.0012979136081412435, -0.0012964163906872272], "Std Per Epoch": [0.009999998845160007, 0.010019663721323013, 0.010001808404922485, 0.010004434734582901, 0.009995074942708015, 0.00999655295163393, 0.009996404871344566, 0.009995139203965664, 0.009995664469897747, 0.009996152482926846, 0.009995774365961552, 0.009995803236961365, 0.009994418360292912, 0.00999457761645317, 0.009994170628488064, 0.009994684718549252, 0.009995575062930584, 0.009995697066187859, 0.009995105676352978, 0.009994092397391796, 0.009993557818233967, 0.0100163035094738, 0.010029098019003868, 0.010025378316640854, 0.010015105828642845, 0.01000924687832594, 0.010006613098084927, 0.010006453841924667, 0.010006893426179886, 0.010005737654864788, 0.010004958137869835, 0.010004652664065361, 0.010004288516938686, 0.010004640556871891, 0.010004018433392048, 0.010003739967942238, 0.01000303030014038, 0.010002422146499157, 0.01000202912837267, 0.010001559741795063, 0.010001556016504765, 0.010021097026765347, 0.010028108023107052, 0.010010392405092716, 0.01001127902418375, 0.010011773556470871, 0.01001015491783619, 0.010011402890086174, 0.010011839680373669, 0.010009371675550938, 0.010008190758526325, 0.010007834061980247, 0.010006919503211975, 0.010006394237279892, 0.010005759075284004, 0.010006504133343697, 0.010005963034927845, 0.01000470295548439, 0.01000515278428793, 0.010005886666476727, 0.01000587921589613, 0.010003671981394291, 0.010019362904131413, 0.010039732791483402, 0.01004278939217329, 0.010040320456027985, 0.0100424038246274, 0.01003957074135542, 0.010041364468634129, 0.010038595646619797, 0.010039099492132664, 0.010040783323347569, 0.010039721615612507, 0.010041198693215847, 0.010038203559815884, 0.010036910884082317, 0.010035214945673943, 0.010034936480224133, 0.010036233812570572, 0.010036889463663101, 0.010036530904471874, 0.010000226087868214, 0.009993008337914944, 0.00997839029878378, 0.009978494606912136, 0.009973553009331226, 0.009971239604055882, 0.009969457983970642, 0.009969190694391727, 0.0099695585668087, 0.00996848288923502, 0.009968551807105541, 0.009968978352844715, 0.00996833574026823, 0.00996832549571991, 0.009967857971787453, 0.009968251921236515, 0.009968520142138004, 0.009968359023332596, 0.00996830128133297], "_timestamp": 1693321665.0096357, "_runtime": 202.50286960601807, "_step": 0, "_wandb": {"runtime": 201}}