{"Test Accuracy": [0.1859, 0.1973, 0.2172, 0.1957, 0.1953], "Mean Per Epoch": null, "Std Per Epoch": null, "_timestamp": 1693353552.434593, "_runtime": 117.15787696838379, "_step": 0, "_wandb": {"runtime": 115}}