{"Test Accuracy": [0.1904, 0.2147, 0.2764, 0.1997, 0.1907], "Mean Per Epoch": null, "Std Per Epoch": null, "_timestamp": 1693319182.155351, "_runtime": 117.14589190483093, "_step": 0, "_wandb": {"runtime": 115}}