{"Test Accuracy": [0.1889, 0.2002, 0.2204, 0.1941, 0.1969], "Mean Per Epoch": null, "Std Per Epoch": null, "_timestamp": 1693340454.7697835, "_runtime": 110.95305061340332, "_step": 0, "_wandb": {"runtime": 109}}