{"Test Accuracy": [0.189, 0.1983, 0.1975, 0.1928, 0.2181], "Mean Per Epoch": null, "Std Per Epoch": null, "_timestamp": 1693382905.8092442, "_runtime": 126.66082406044006, "_step": 0, "_wandb": {"runtime": 125}}