{"Test Accuracy": [0.1866, 0.1981, 0.2083, 0.1911, 0.1956], "Mean Per Epoch": [0.0001324633340118453, 0.00011136344255646691, 0.00016346077609341592, 0.0002627267094794661, 0.00033039911068044603, 0.0003910968080163002, 0.0004360754683148116, 0.00047126729623414576, 0.0005010879249311984, 0.0005272027920000255, 0.0005496182129718363, 0.0005696027656085789, 0.0005870239692740142, 0.0006018468993715942, 0.0006150752305984497, 0.0006270578596740961, 0.0006376767414622009, 0.0006470668595284224, 0.0006555562722496688, 0.0006634268793277442, 0.0006707261200062931, 0.0004750775115098804, 0.0007842092891223729, 0.0009901286102831364, 0.0011341989738866687, 0.0012231068685650826, 0.0012865493772551417, 0.0013335546245798469, 0.001371287740767002, 0.0014019502559676766, 0.0014280290342867374, 0.0014508734457194805, 0.0014708926901221275, 0.001489651040174067, 0.0015056616393849254, 0.001520043588243425, 0.0015332322800531983, 0.0015450135106220841, 0.001555649098008871, 0.001565491664223373, 0.0015747897559776902, 0.0009046323248185217, 0.0006955311982892454, 0.0006843688897788525, 0.000734587898477912, 0.0007962536183185875, 0.0008337039616890252, 0.0008619972504675388, 0.0008835468906909227, 0.0009020331199280918, 0.0009175430168397725, 0.0009305230341851711, 0.0009419082780368626, 0.0009515290148556232, 0.0009600126068107784, 0.0009677562047727406, 0.0009742543916217983, 0.0009802504209801555, 0.0009855879470705986, 0.0009903836762532592, 0.0009946846403181553, 0.0008374479948543012, 0.0011419985676184297, 0.0013833222910761833, 0.0015064901672303677, 0.0015783676644787192, 0.001625514472834766, 0.0016623642295598984, 0.0016916940221562982, 0.001716451719403267, 0.001738089951686561, 0.001756772748194635, 0.001773194526322186, 0.001787319197319448, 0.001800074242055416, 0.0018115012207999825, 0.0018216758035123348, 0.0018317787908017635, 0.0018401992274448276, 0.0018482580780982971, 0.0018556331051513553, 0.001152004231698811, 0.0008413898176513612, 0.0007368152146227658, 0.0007011055131442845, 0.0006813656655140221, 0.0006697576609440148, 0.0006631328142248094, 0.0006587919779121876, 0.0006557780434377491, 0.0006531897815875709, 0.0006513757980428636, 0.0006498456932604313, 0.0006485360790975392, 0.0006475981790572405, 0.000646468426566571, 0.0006457683630287647, 0.0006448296480812132, 0.0006442827288992703, 0.0006437000702135265], "Std Per Epoch": [0.009999998845160007, 0.009989478625357151, 0.009978444315493107, 0.009962520562112331, 0.009969384409487247, 0.009968035854399204, 0.009967230260372162, 0.009965564124286175, 0.009962975978851318, 0.009965362027287483, 0.009965616278350353, 0.009965664707124233, 0.009965521283447742, 0.009963284246623516, 0.00996367447078228, 0.009964379481971264, 0.00996347051113844, 0.009962836280465126, 0.00996270403265953, 0.009961527772247791, 0.00996121484786272, 0.00995638221502304, 0.009966800920665264, 0.009955176152288914, 0.00994886364787817, 0.009947966784238815, 0.00994092132896185, 0.009939288720488548, 0.009938511066138744, 0.009938046336174011, 0.00994007010012865, 0.009942037053406239, 0.009942286647856236, 0.009942970238626003, 0.009941968135535717, 0.009940876625478268, 0.009940815158188343, 0.009940222837030888, 0.009937924332916737, 0.009938386268913746, 0.009937879629433155, 0.009959586896002293, 0.00997120887041092, 0.010005692951381207, 0.010004539974033833, 0.00999786052852869, 0.009994993917644024, 0.009991484694182873, 0.009990621358156204, 0.009991355240345001, 0.009990870021283627, 0.00999129842966795, 0.00999019481241703, 0.009989957325160503, 0.00999072939157486, 0.009989898651838303, 0.009989448823034763, 0.009989293292164803, 0.009988530538976192, 0.009988251142203808, 0.009988202713429928, 0.0100029855966568, 0.009972828440368176, 0.009974746033549309, 0.009970529936254025, 0.009961605072021484, 0.009963322430849075, 0.009963280521333218, 0.009964924305677414, 0.009965014643967152, 0.009966428391635418, 0.00996706448495388, 0.00996466539800167, 0.009965361095964909, 0.009965553879737854, 0.009966789744794369, 0.009965985082089901, 0.009963887743651867, 0.009963965974748135, 0.00996277667582035, 0.009962744079530239, 0.01001568604260683, 0.010013417340815067, 0.010005946271121502, 0.009996444918215275, 0.009998072870075703, 0.009994661435484886, 0.009994848631322384, 0.009993411600589752, 0.009993269108235836, 0.009993255138397217, 0.009993226267397404, 0.009993393905460835, 0.009992796927690506, 0.00999298132956028, 0.009992878884077072, 0.009992256760597229, 0.009992286562919617, 0.009992004372179508, 0.009991557337343693], "_timestamp": 1693340216.943544, "_runtime": 204.79454898834229, "_step": 0, "_wandb": {"runtime": 203}}