{"Test Accuracy": [0.199, 0.2042, 0.2367, 0.2437, 0.1792], "Mean Per Epoch": null, "Std Per Epoch": null, "_timestamp": 1693369584.016448, "_runtime": 116.3711531162262, "_step": 0, "_wandb": {"runtime": 115}}