{"Test Accuracy": [0.1967, 0.1894, 0.213, 0.1777, 0.1972], "Mean Per Epoch": [0.004445342347025871, 0.0044702086597681046, 0.004447387531399727, 0.004459758754819632, 0.004490083549171686, 0.004516020882874727, 0.004538348875939846, 0.004556847736239433, 0.0045720115303993225, 0.004585194401443005, 0.004596519749611616, 0.00460630701854825, 0.004614693578332663, 0.004622366279363632, 0.00462892884388566, 0.004634853918105364, 0.004640212748199701, 0.004645040724426508, 0.004649439360946417, 0.004653537180274725, 0.004657285753637552, 0.004529318306595087, 0.004613587632775307, 0.004710010718554258, 0.004783140495419502, 0.004833846818655729, 0.004874021280556917, 0.0049064792692661285, 0.004932544659823179, 0.004955276381224394, 0.004974527284502983, 0.004991124849766493, 0.005006117280572653, 0.005019296891987324, 0.005031291861087084, 0.005041837226599455, 0.0050512393936514854, 0.005059984978288412, 0.005067860707640648, 0.005075171124190092, 0.005081653594970703, 0.00483017647638917, 0.004919029772281647, 0.005008502397686243, 0.005092911422252655, 0.005149066913872957, 0.005193010438233614, 0.005228010471910238, 0.005256555508822203, 0.005280200392007828, 0.005300500895828009, 0.00531782628968358, 0.005332683678716421, 0.005345987621694803, 0.005357921123504639, 0.005368561018258333, 0.005377817898988724, 0.0053862594068050385, 0.005393934901803732, 0.005400863941758871, 0.005407487507909536, 0.0052289399318397045, 0.005350786726921797, 0.005440212786197662, 0.005511484574526548, 0.005563569720834494, 0.005603298544883728, 0.005634661763906479, 0.005659565329551697, 0.005680568516254425, 0.0056998576037585735, 0.0057161604054272175, 0.005731696262955666, 0.005744621157646179, 0.005756357219070196, 0.0057676248252391815, 0.0057778917253017426, 0.005787113215774298, 0.005796004552394152, 0.005803920328617096, 0.005811135750263929, 0.0054594650864601135, 0.005504645872861147, 0.0056366040371358395, 0.00573459267616272, 0.0057985614985227585, 0.005846647545695305, 0.005883743520826101, 0.005913573782891035, 0.005938487593084574, 0.005960170179605484, 0.005979165900498629, 0.005995733197778463, 0.0060106925666332245, 0.00602371571585536, 0.006035327911376953, 0.0060460190288722515, 0.006055496633052826, 0.0060641528107225895, 0.006071943789720535], "Std Per Epoch": [0.009999998845160007, 0.009956156834959984, 0.009945743717253208, 0.009944911114871502, 0.0099415248259902, 0.009942560456693172, 0.009940682910382748, 0.009938797913491726, 0.009940069168806076, 0.009942018426954746, 0.00994186196476221, 0.00994128081947565, 0.009940684773027897, 0.009939577430486679, 0.00993959978222847, 0.009939195588231087, 0.009939450770616531, 0.00993887335062027, 0.00993881095200777, 0.00993844959884882, 0.009938410483300686, 0.00994233787059784, 0.009945692494511604, 0.009945554658770561, 0.00994385126978159, 0.009942230768501759, 0.009941541589796543, 0.009941436350345612, 0.00994123425334692, 0.009941069409251213, 0.00994135718792677, 0.009940813295543194, 0.009941219352185726, 0.009940695948898792, 0.009940463118255138, 0.009940995834767818, 0.009940088726580143, 0.009940236806869507, 0.00993987638503313, 0.009939482435584068, 0.009939907118678093, 0.009928250685334206, 0.00992701854556799, 0.009935329668223858, 0.009929443709552288, 0.009929540567100048, 0.009930815547704697, 0.009929181076586246, 0.009931347332894802, 0.009930522181093693, 0.009930283762514591, 0.009929513558745384, 0.009930378757417202, 0.009928518906235695, 0.009928603656589985, 0.009927414357662201, 0.009925697930157185, 0.009925060905516148, 0.009924882091581821, 0.009923056699335575, 0.009923356585204601, 0.009916674345731735, 0.009886479936540127, 0.009903854690492153, 0.009900733828544617, 0.009902792982757092, 0.009901260025799274, 0.009898883290588856, 0.009896857663989067, 0.00989687442779541, 0.009897495619952679, 0.009898072108626366, 0.009895413182675838, 0.009893383830785751, 0.009893947280943394, 0.009895016439259052, 0.009894520975649357, 0.009893703274428844, 0.009893098846077919, 0.009893608279526234, 0.009894564747810364, 0.009882943704724312, 0.009873288683593273, 0.009870539419353008, 0.009869663044810295, 0.009868268854916096, 0.009864652529358864, 0.009861449711024761, 0.009860378690063953, 0.009858351200819016, 0.009859678335487843, 0.009859142825007439, 0.009859809651970863, 0.009859241545200348, 0.009858104400336742, 0.009858218021690845, 0.009857604280114174, 0.009856395423412323, 0.009856433607637882, 0.009855610318481922], "_timestamp": 1693374505.8842556, "_runtime": 204.97306275367737, "_step": 0, "_wandb": {"runtime": 203}}