{"Test Accuracy": [0.2145, 0.1916, 0.1851, 0.1964, 0.2018], "Mean Per Epoch": null, "Std Per Epoch": null, "_timestamp": 1693393117.2468138, "_runtime": 119.48310685157776, "_step": 0, "_wandb": {"runtime": 118}}