{"Test Accuracy": [0.1965, 0.1818, 0.2094, 0.1904, 0.1993], "Mean Per Epoch": [0.00048783235251903534, 0.0005152160301804543, 0.0005622252938337624, 0.000607827678322792, 0.0006413414957933128, 0.000670641369652003, 0.0006938653532415628, 0.0007136841886676848, 0.0007298174896277487, 0.0007443006616085768, 0.0007559561636298895, 0.0007657106034457684, 0.000774439366068691, 0.0007825007196515799, 0.0007892966386862099, 0.0007957593188621104, 0.0008013888145796955, 0.0008054804638959467, 0.0008100981940515339, 0.0008138492121361196, 0.000817389227449894, 0.0005009935121051967, 0.0006561637273989618, 0.0008204113692045212, 0.0009511776152066886, 0.0010322448797523975, 0.0010930850403383374, 0.0011400278890505433, 0.0011776810279116035, 0.0012087705545127392, 0.001234026625752449, 0.0012550043174996972, 0.0012736732605844736, 0.0012897237902507186, 0.0013037114404141903, 0.0013163978001102805, 0.0013278508558869362, 0.0013382459292188287, 0.0013475841842591763, 0.0013566212728619576, 0.00136498361825943, 0.00097843783441931, 0.001062525436282158, 0.0012997061712667346, 0.0014441251987591386, 0.001529015600681305, 0.0015884950989857316, 0.0016312142834067345, 0.001664740964770317, 0.0016918745823204517, 0.0017139790579676628, 0.0017332062125205994, 0.001748995273374021, 0.0017633205279707909, 0.0017752413405105472, 0.0017864946275949478, 0.001796295982785523, 0.0018053014064207673, 0.0018140192842110991, 0.0018216505413874984, 0.0018289085710421205, 0.0012980509782209992, 0.0011955549707636237, 0.0012694342294707894, 0.0013380814343690872, 0.0013903846265748143, 0.0014296723529696465, 0.0014616457046940923, 0.0014877099310979247, 0.0015098173171281815, 0.0015292726457118988, 0.001546488725580275, 0.0015620281919836998, 0.0015764562413096428, 0.0015884879976511002, 0.001600682851858437, 0.0016110806027427316, 0.0016206955770030618, 0.0016292077489197254, 0.0016371920937672257, 0.0016444390639662743, 0.0010732064256444573, 0.0007706748438067734, 0.0006432641530409455, 0.0005950776976533234, 0.000577611499466002, 0.000570031232200563, 0.0005668668891303241, 0.0005653222906403244, 0.000564783054869622, 0.0005646070349030197, 0.0005648523801937699, 0.0005651155370287597, 0.0005655845743604004, 0.0005657271249219775, 0.000565967580769211, 0.0005661123432219028, 0.0005664561758749187, 0.0005666965153068304, 0.0005668887752108276], "Std Per Epoch": [0.009999998845160007, 0.009970972314476967, 0.009964308701455593, 0.009956968948245049, 0.009953837841749191, 0.009957586415112019, 0.009954242967069149, 0.009953138418495655, 0.009952315129339695, 0.009950526989996433, 0.00994937215000391, 0.009949915111064911, 0.009949139319360256, 0.009948753751814365, 0.009947326965630054, 0.009947222657501698, 0.00994828436523676, 0.009947814978659153, 0.009947963058948517, 0.009947963990271091, 0.009948289021849632, 0.009946317411959171, 0.00996627751737833, 0.009968648664653301, 0.009963792748749256, 0.009964522905647755, 0.00996538158506155, 0.009968506172299385, 0.009968399070203304, 0.009967210702598095, 0.009964723140001297, 0.009963863529264927, 0.009961252100765705, 0.009960346855223179, 0.00996010284870863, 0.0099599938839674, 0.009959948249161243, 0.009959142655134201, 0.009958748705685139, 0.009958801791071892, 0.009959894232451916, 0.009972677566111088, 0.009999927133321762, 0.009995974600315094, 0.00998381432145834, 0.00998441781848669, 0.009980429895222187, 0.009980532340705395, 0.009981702081859112, 0.009981251321732998, 0.009979277849197388, 0.009979517199099064, 0.009980062954127789, 0.009978573769330978, 0.009978048503398895, 0.009977995418012142, 0.00997826736420393, 0.009978421032428741, 0.009978207759559155, 0.009977742098271847, 0.00997745431959629, 0.009979451075196266, 0.009995142929255962, 0.009995032101869583, 0.009998847730457783, 0.009999273344874382, 0.009998328983783722, 0.00999815110117197, 0.009995931759476662, 0.009995472617447376, 0.009995626285672188, 0.00999633502215147, 0.009995870292186737, 0.00999791081994772, 0.009997222572565079, 0.009995721280574799, 0.009994215331971645, 0.00999384094029665, 0.009994197636842728, 0.009993926621973515, 0.009993975050747395, 0.009914199821650982, 0.009909105487167835, 0.009905751794576645, 0.009907635860145092, 0.009909688495099545, 0.009909727610647678, 0.009909500367939472, 0.00990885216742754, 0.009908142499625683, 0.009908351115882397, 0.009909109212458134, 0.009909127838909626, 0.009909096173942089, 0.009908580221235752, 0.009908114559948444, 0.009907267056405544, 0.00990716740489006, 0.009907159954309464, 0.009906693361699581], "_timestamp": 1693359604.3039927, "_runtime": 203.11438179016113, "_step": 0, "_wandb": {"runtime": 201}}