{"Test Accuracy": [0.1908, 0.1933, 0.2213, 0.2485, 0.257], "Mean Per Epoch": null, "Std Per Epoch": null, "_timestamp": 1693390698.878662, "_runtime": 118.82321405410767, "_step": 0, "_wandb": {"runtime": 117}}