{"Test Accuracy": [0.1449, 0.158, 0.3071, 0.3396, 0.3658], "Mean Per Epoch": [-0.0007632917840965092, -0.0007750320364721119, -0.0007864017970860004, -0.0007971762679517269, -0.0008076803642325103, -0.0008175328839570284, -0.0008269759709946811, -0.0008361078216694295, -0.0008447107393294573, -0.0008531369385309517, -0.0008608501520939171, -0.0008678296580910683, -0.0008742791251279414, -0.0008797436021268368, -0.0008843992836773396, -0.0008888491429388523, -0.0008923026616685092, -0.0008954675286076963, -0.0008982642902992666, -0.0009007840999402106, -0.0009038476273417473, -0.0009060868178494275, -0.0009098398149944842, -0.0009138116147369146, -0.0009177245083265007, -0.0009217443875968456, -0.0009256837074644864, -0.0009294319897890091, -0.0009332004119642079, -0.0009367763996124268, -0.0009399545378983021, -0.0009428619523532689, -0.0009455320541746914, -0.000947937835007906, -0.0009501000749878585, -0.0009520381572656333, -0.0009536661673337221, -0.0009553085546940565, -0.0009568673558533192, -0.0009581718477420509, -0.000959394674282521, -0.0009635163587518036, -0.0009703629184514284, -0.0009772974299266934, -0.0009838802507147193, -0.0009902174351736903, -0.0009968337835744023, -0.00100315036252141, -0.0010091959265992045, -0.0010150402085855603, -0.0010203063720837235, -0.0010250430786982179, -0.0010294858366250992, -0.0010338252177461982, -0.0010379168670624495, -0.0010417449520900846, -0.0010454751318320632, -0.0010491488501429558, -0.0010524906683713198, -0.0010556397028267384, -0.0010585224954411387, -0.0010587876895442605, -0.0010603413684293628, -0.0010622256668284535, -0.0010648496681824327, -0.0010667232563719153, -0.0010659598046913743, -0.0010607013246044517, -0.001056722248904407, -0.0010544456308707595, -0.001050152350217104, -0.0010433134157210588, -0.001037303009070456, -0.0010277385590597987, -0.001018165028654039, -0.0010115444893017411, -0.0010038531618192792, -0.000996179529465735, -0.0009767379378899932, -0.0009616157039999962, -0.0009515318088233471, -0.0009516837890259922, -0.0009563767234794796, -0.0009613470756448805, -0.0009652042645029724, -0.0009691878221929073, -0.0009738298249430954, -0.000978215946815908, -0.0009816990932449698, -0.0009851829381659627, -0.0009888791246339679, -0.0009918700670823455, -0.0009951218962669373, -0.0009979275055229664, -0.0010005804942920804, -0.001003393903374672, -0.0010057023027911782, -0.0010075501631945372, -0.0010092370212078094, -0.00101091293618083], "Std Per Epoch": [0.01100000087171793, 0.011006695218384266, 0.010980906896293163, 0.010986720211803913, 0.010953919030725956, 0.010969097726047039, 0.010953124612569809, 0.01094834040850401, 0.010976999066770077, 0.010981916449964046, 0.010992251336574554, 0.011018614284694195, 0.011017215438187122, 0.011053193360567093, 0.011043575592339039, 0.011085204780101776, 0.011073566973209381, 0.011097949929535389, 0.011141029186546803, 0.011072002351284027, 0.011061090044677258, 0.011107753962278366, 0.011096351779997349, 0.011084298603236675, 0.011034601368010044, 0.010960969142615795, 0.010965771041810513, 0.010939721949398518, 0.010913174599409103, 0.010941899381577969, 0.010952387005090714, 0.010978233069181442, 0.01097578089684248, 0.010978087782859802, 0.01094019040465355, 0.010953474789857864, 0.010970127768814564, 0.010964873246848583, 0.010949715040624142, 0.010966756381094456, 0.010980836115777493, 0.010949295945465565, 0.010968144983053207, 0.010941778309643269, 0.010931705124676228, 0.010918151587247849, 0.010903123766183853, 0.010906301438808441, 0.010848007164895535, 0.0108172707259655, 0.010803435929119587, 0.010798439383506775, 0.010796386748552322, 0.01079251617193222, 0.010796059854328632, 0.010775079019367695, 0.010792959481477737, 0.01080973818898201, 0.010815172456204891, 0.01081063598394394, 0.01078951358795166, 0.010815716348588467, 0.010833275504410267, 0.010825843550264835, 0.010822429321706295, 0.010894845239818096, 0.01099118497222662, 0.01098224800080061, 0.011014416813850403, 0.01094950269907713, 0.011013656854629517, 0.01105086412280798, 0.011156653054058552, 0.01113670039921999, 0.011068608611822128, 0.011098481714725494, 0.011061816476285458, 0.011251156218349934, 0.011367064900696278, 0.011155232787132263, 0.011263321153819561, 0.01117583829909563, 0.011170911602675915, 0.011115380562841892, 0.011085758917033672, 0.011023460887372494, 0.011009319685399532, 0.010981098748743534, 0.010908607393503189, 0.01091699581593275, 0.010947488248348236, 0.010881972499191761, 0.010863429866731167, 0.010849067009985447, 0.010852799750864506, 0.010870344936847687, 0.010812506079673767, 0.010809932835400105, 0.01079041138291359, 0.010777701623737812], "_timestamp": 1693371657.5830777, "_runtime": 211.7516176700592, "_step": 0, "_wandb": {"runtime": 210}}