{"Test Accuracy": [0.0964, 0.1017, 0.096, 0.0939, 0.0961], "Mean Per Epoch": null, "Std Per Epoch": null, "_timestamp": 1693374076.8473623, "_runtime": 1292.9635982513428, "_step": 0, "_wandb": {"runtime": 1291}}