{"Test Accuracy": [0.0993, 0.0957, 0.097, 0.1019, 0.099], "Mean Per Epoch": null, "Std Per Epoch": null, "_timestamp": 1693334495.5447047, "_runtime": 1298.675217628479, "_step": 0, "_wandb": {"runtime": 1297}}