{"Test Accuracy": [0.1963, 0.1996, 0.2135, 0.1863, 0.1915], "Mean Per Epoch": null, "Std Per Epoch": null, "_timestamp": 1693335413.8491092, "_runtime": 127.21680212020874, "_step": 0, "_wandb": {"runtime": 125}}