{"Test Accuracy": [0.067, 0.0672, 0.0678, 0.0703, 0.0671], "Mean Per Epoch": null, "Std Per Epoch": null, "_timestamp": 1693401406.9515529, "_runtime": 1292.8971817493439, "_step": 0, "_wandb": {"runtime": 1291}}