{"Test Accuracy": [0.1827, 0.191, 0.2124, 0.193, 0.1943], "Mean Per Epoch": [-0.0037890931125730276, -0.0037906274665147066, -0.0037234157789498568, -0.0036662921775132418, -0.0036354772746562958, -0.003612966276705265, -0.0035935286432504654, -0.0035770193208009005, -0.0035626860335469246, -0.003551935078576207, -0.0035430481657385826, -0.003535068593919277, -0.003529723733663559, -0.003524811938405037, -0.0035212666261941195, -0.0035186512395739555, -0.0035156290978193283, -0.0035124493297189474, -0.0035105410497635603, -0.0035093098413199186, -0.003507896326482296, -0.0036649408284574747, -0.0035856561735272408, -0.0034825096372514963, -0.0034207969438284636, -0.0033818017691373825, -0.0033535074908286333, -0.003335174173116684, -0.003317141206935048, -0.0033070205245167017, -0.003297627903521061, -0.003288897452875972, -0.0032825611997395754, -0.0032755834981799126, -0.0032719699665904045, -0.0032667943742126226, -0.003262769663706422, -0.003259877674281597, -0.0032554075587540865, -0.0032537076622247696, -0.0032500193919986486, -0.0036563638132065535, -0.0034584281966090202, -0.0034038182348012924, -0.0033769209403544664, -0.0033625971991568804, -0.0033460380509495735, -0.0033316435292363167, -0.003319408744573593, -0.0033091388177126646, -0.003300328506156802, -0.0032929014414548874, -0.00328687927685678, -0.0032816107850521803, -0.0032770840916782618, -0.0032731129322201014, -0.00326941697858274, -0.0032663866877555847, -0.0032638858538120985, -0.0032614481169730425, -0.0032592418137937784, -0.0036019927356392145, -0.0035325500648468733, -0.0034480001777410507, -0.0033866071607917547, -0.0033444901928305626, -0.0033112417440861464, -0.003287215018644929, -0.0032673217356204987, -0.003251526737585664, -0.0032395552843809128, -0.0032284606713801622, -0.0032198934350162745, -0.0032118165399879217, -0.003205821616575122, -0.003199692815542221, -0.003194657387211919, -0.0031896885484457016, -0.003185944864526391, -0.003182177199050784, -0.0031789543572813272, -0.0035927509889006615, -0.003460317850112915, -0.003268482396379113, -0.003175375983119011, -0.0031087640672922134, -0.0030672617722302675, -0.0030352517496794462, -0.003010754706338048, -0.0029938959050923586, -0.0029785027727484703, -0.002962960861623287, -0.002950127935037017, -0.00294299959205091, -0.002933245152235031, -0.0029274513944983482, -0.0029193584341555834, -0.002915153279900551, -0.002908221213147044, -0.002900343155488372], "Std Per Epoch": [0.009999998845160007, 0.010006326250731945, 0.009997425600886345, 0.009971175342798233, 0.009974724613130093, 0.00996914692223072, 0.009972202591598034, 0.009974147193133831, 0.00997215136885643, 0.00997065007686615, 0.009969216771423817, 0.009969041682779789, 0.009968436323106289, 0.00996760930866003, 0.009966837242245674, 0.009967646561563015, 0.009967586025595665, 0.009967204183340073, 0.009967261925339699, 0.009966651909053326, 0.009966516867280006, 0.010015285573899746, 0.010018411092460155, 0.010010679252445698, 0.010008013807237148, 0.01001004595309496, 0.010009351186454296, 0.010005486197769642, 0.010006474331021309, 0.010006783530116081, 0.01000402495265007, 0.010002274997532368, 0.010004064999520779, 0.010003522969782352, 0.010002265684306622, 0.010000927373766899, 0.00999887753278017, 0.009997102431952953, 0.009996677748858929, 0.009996787644922733, 0.009996159933507442, 0.010089010931551456, 0.010090275667607784, 0.010075225494801998, 0.01005194429308176, 0.010052257217466831, 0.010051458142697811, 0.0100513631477952, 0.010050352662801743, 0.010047300718724728, 0.010045136325061321, 0.010044307447969913, 0.010043242014944553, 0.010042967274785042, 0.01004145760089159, 0.010042408481240273, 0.010041614063084126, 0.01004121731966734, 0.010040570981800556, 0.010041624307632446, 0.010041773319244385, 0.010037370957434177, 0.010031641460955143, 0.01003401167690754, 0.010036692023277283, 0.010031971149146557, 0.010035480372607708, 0.01003481075167656, 0.010036085732281208, 0.010035418905317783, 0.010032855905592442, 0.01003184448927641, 0.01003208663314581, 0.010032699443399906, 0.010032163001596928, 0.010032747872173786, 0.010033479891717434, 0.010032800026237965, 0.010031838901340961, 0.01003173366189003, 0.010031420737504959, 0.01002162229269743, 0.010046377778053284, 0.010046661831438541, 0.010041969828307629, 0.010044525377452374, 0.01004412118345499, 0.010044537484645844, 0.010043911635875702, 0.010039946995675564, 0.010038628242909908, 0.010038492269814014, 0.01003835629671812, 0.010038326494395733, 0.010038875974714756, 0.010039587505161762, 0.01003944594413042, 0.010037709958851337, 0.010037296451628208, 0.010037322528660297], "_timestamp": 1693351710.4022372, "_runtime": 204.56106615066528, "_step": 0, "_wandb": {"runtime": 203}}