{"Test Accuracy": [0.1844, 0.1928, 0.1938, 0.2017, 0.215], "Mean Per Epoch": null, "Std Per Epoch": null, "_timestamp": 1693377257.9557233, "_runtime": 117.40246438980103, "_step": 0, "_wandb": {"runtime": 116}}