{"Test Accuracy": [0.1935, 0.1809, 0.1998, 0.1998, 0.2105], "Mean Per Epoch": null, "Std Per Epoch": null, "_timestamp": 1693371987.2563267, "_runtime": 117.939035654068, "_step": 0, "_wandb": {"runtime": 116}}