{"Test Accuracy": [0.1584, 0.2553, 0.2476, 0.3576, 0.4217], "Mean Per Epoch": [-0.0041287485510110855, -0.004141286015510559, -0.004153257701545954, -0.00416418444365263, -0.004174179397523403, -0.004184097051620483, -0.004194091074168682, -0.004203867632895708, -0.004213120322674513, -0.004221589770168066, -0.004229724407196045, -0.0042379568330943584, -0.004245958756655455, -0.004253807943314314, -0.004261077847331762, -0.004267817363142967, -0.00427404185757041, -0.0042799669317901134, -0.004285660106688738, -0.004291193094104528, -0.004296391736716032, -0.004300416447222233, -0.004306027200073004, -0.004312007687985897, -0.004317797254770994, -0.004323321394622326, -0.004328712355345488, -0.00433370703831315, -0.004338659346103668, -0.0043430146761238575, -0.004347309935837984, -0.004351240117102861, -0.004354689735919237, -0.004358145873993635, -0.00436142273247242, -0.0043642292730510235, -0.004366600885987282, -0.004368542227894068, -0.004369890317320824, -0.004370557609945536, -0.004371114540845156, -0.0043730842880904675, -0.004376961383968592, -0.004381067119538784, -0.004383992403745651, -0.00438744155690074, -0.004390470217913389, -0.004392607603222132, -0.004393956158310175, -0.004394130781292915, -0.004393323324620724, -0.0043939887546002865, -0.0043949889950454235, -0.0043954383581876755, -0.004395931959152222, -0.004396474454551935, -0.004396974574774504, -0.004397449549287558, -0.004397623240947723, -0.0043978639878332615, -0.00439801998436451, -0.004399145487695932, -0.004402604419738054, -0.00440616300329566, -0.00440905662253499, -0.004411585163325071, -0.004413587041199207, -0.004414800554513931, -0.004415223840624094, -0.0044157435186207294, -0.004416486714035273, -0.004417348187416792, -0.004417916294187307, -0.004418391268700361, -0.00441855238750577, -0.004418546799570322, -0.004418378695845604, -0.004418112337589264, -0.004417681600898504, -0.00441725691780448, -0.004416702780872583, -0.004416408948600292, -0.004419297445565462, -0.0044225361198186874, -0.004425880964845419, -0.00442945770919323, -0.0044325548224151134, -0.0044351848773658276, -0.0044375876896083355, -0.004439585376530886, -0.004441484343260527, -0.00444299541413784, -0.004444237798452377, -0.00444495165720582, -0.0044454908929765224, -0.004445591010153294, -0.004445654805749655, -0.004445056896656752, -0.004444587975740433, -0.004443896934390068], "Std Per Epoch": [0.01100000087171793, 0.01101834699511528, 0.01106186117976904, 0.01106418576091528, 0.01109637413173914, 0.011028830893337727, 0.01098497211933136, 0.010968931950628757, 0.01098815817385912, 0.010986336506903172, 0.010965869762003422, 0.010952134616672993, 0.010942489840090275, 0.010944581590592861, 0.010962461121380329, 0.010925802402198315, 0.01092075277119875, 0.01090317964553833, 0.010880045592784882, 0.010877765715122223, 0.010880578309297562, 0.01087659690529108, 0.01088416576385498, 0.010849217884242535, 0.010843619704246521, 0.010827957652509212, 0.010860312730073929, 0.010838479734957218, 0.010857288725674152, 0.010845981538295746, 0.010849944315850735, 0.01083290297538042, 0.010829806327819824, 0.010835899971425533, 0.010838204063475132, 0.010831799358129501, 0.010824560187757015, 0.010838710702955723, 0.010871853679418564, 0.01087550725787878, 0.010858699679374695, 0.010858363471925259, 0.010865963995456696, 0.010867689736187458, 0.01087910309433937, 0.010805311612784863, 0.010828390717506409, 0.010856433771550655, 0.010889817960560322, 0.010963317938148975, 0.010916285216808319, 0.01085532084107399, 0.010883132927119732, 0.010860617272555828, 0.010861020535230637, 0.01082849595695734, 0.010842755436897278, 0.010793880559504032, 0.01079605147242546, 0.01079272385686636, 0.010806779377162457, 0.010744542814791203, 0.010736106894910336, 0.010751988738775253, 0.010729650966823101, 0.010768604464828968, 0.010795415379106998, 0.010820306837558746, 0.010839576832950115, 0.010801232419908047, 0.010754014365375042, 0.010764718987047672, 0.010759088210761547, 0.010754480957984924, 0.010755293071269989, 0.010744396597146988, 0.010730099864304066, 0.010714590549468994, 0.010730554349720478, 0.01071836706250906, 0.010724407620728016, 0.010696717537939548, 0.010678325779736042, 0.010725360363721848, 0.010683514177799225, 0.01066929567605257, 0.010700498707592487, 0.010707594454288483, 0.010729326866567135, 0.010689578019082546, 0.010669020004570484, 0.010685919784009457, 0.010711640119552612, 0.010726581327617168, 0.010747513733804226, 0.010755210183560848, 0.010761428624391556, 0.010789457708597183, 0.010784897021949291, 0.010779619216918945], "_timestamp": 1693364663.251039, "_runtime": 212.2396171092987, "_step": 0, "_wandb": {"runtime": 210}}