{"Test Accuracy": [0.1935, 0.1807, 0.2002, 0.1997, 0.2111], "Mean Per Epoch": null, "Std Per Epoch": null, "_timestamp": 1693372355.1891837, "_runtime": 127.06630682945251, "_step": 0, "_wandb": {"runtime": 125}}