{"Test Accuracy": [0.1872, 0.2291, 0.2005, 0.2094, 0.2742], "Mean Per Epoch": null, "Std Per Epoch": null, "_timestamp": 1693388055.7160904, "_runtime": 117.6717734336853, "_step": 0, "_wandb": {"runtime": 116}}