{"Test Accuracy": [0.2079, 0.1888, 0.1919, 0.1955, 0.1949], "Mean Per Epoch": [-0.004352417308837175, -0.004387593362480402, -0.00431283051148057, -0.0042008026503026485, -0.004129329230636358, -0.004079084377735853, -0.004039308521896601, -0.004008148331195116, -0.003983526956290007, -0.003963880706578493, -0.003947271034121513, -0.003933195490390062, -0.0039208270609378815, -0.0039100185967981815, -0.0039004168938845396, -0.003891830565407872, -0.0038840838242322206, -0.0038769517559558153, -0.0038705274928361177, -0.003864473896101117, -0.003858978161588311, -0.003912763204425573, -0.003774053417146206, -0.003595157526433468, -0.0034352270886301994, -0.0033298255875706673, -0.003256389172747731, -0.003200219012796879, -0.0031552594155073166, -0.0031188514549285173, -0.0030875408556312323, -0.003061014460399747, -0.0030383479315787554, -0.0030183240305632353, -0.0030007006134837866, -0.002984454855322838, -0.0029701057355850935, -0.0029568460304290056, -0.0029447043780237436, -0.0029333054553717375, -0.0029232294764369726, -0.0035582215059548616, -0.003806362161412835, -0.003862128360196948, -0.003868131898343563, -0.0038607518654316664, -0.0038511939346790314, -0.003842068137601018, -0.003833400085568428, -0.0038255664985626936, -0.0038187019526958466, -0.0038127328734844923, -0.003807865083217621, -0.0038033935707062483, -0.0037994759622961283, -0.0037964468356221914, -0.003793521551415324, -0.00379125471226871, -0.00378937809728086, -0.0037881359457969666, -0.0037868518847972155, -0.003922330681234598, -0.0035198188852518797, -0.0032288257498294115, -0.0030800849199295044, -0.0029875284526497126, -0.0029233174864202738, -0.0028763553127646446, -0.0028396572452038527, -0.002809609519317746, -0.0027838910464197397, -0.0027624573558568954, -0.002744366182014346, -0.0027285125106573105, -0.002714344533160329, -0.0027016804087907076, -0.0026900051161646843, -0.0026794939767569304, -0.002669739769771695, -0.0026610486675053835, -0.0026529047172516584, -0.003372998209670186, -0.0035326965153217316, -0.0033971474040299654, -0.0032785453367978334, -0.003185098059475422, -0.003119116649031639, -0.003072313964366913, -0.0030353639740496874, -0.003005831502377987, -0.002980457618832588, -0.002958725905045867, -0.00294000213034451, -0.0029232928063720465, -0.002908707596361637, -0.002894770121201873, -0.0028821032028645277, -0.002871139207854867, -0.0028608061838895082, -0.0028507651295512915], "Std Per Epoch": [0.009999998845160007, 0.009984980337321758, 0.009991820901632309, 0.009989003650844097, 0.009977218694984913, 0.009979210793972015, 0.009980794042348862, 0.009979692287743092, 0.009977120906114578, 0.009977473877370358, 0.009975631721317768, 0.009975033812224865, 0.009975185617804527, 0.009975410997867584, 0.009975085966289043, 0.009975191205739975, 0.009975229389965534, 0.009975043125450611, 0.009974999353289604, 0.009974903427064419, 0.009974445216357708, 0.009978326968848705, 0.00994812697172165, 0.009976916946470737, 0.009979602880775928, 0.009981692768633366, 0.009982968680560589, 0.009981204755604267, 0.00997998844832182, 0.009979236871004105, 0.009980392642319202, 0.009979333728551865, 0.009979023598134518, 0.009978467598557472, 0.009977334178984165, 0.009977380745112896, 0.009977797046303749, 0.00997678842395544, 0.009976573288440704, 0.009977252222597599, 0.009976404719054699, 0.009987898170948029, 0.009980998001992702, 0.009970064274966717, 0.009973425418138504, 0.009972900152206421, 0.009972147643566132, 0.009971910156309605, 0.009970667771995068, 0.00997258722782135, 0.009970213286578655, 0.009969041682779789, 0.009968649595975876, 0.009967531077563763, 0.009967673569917679, 0.009968404658138752, 0.009968089871108532, 0.009967409074306488, 0.009966929443180561, 0.009966266341507435, 0.00996610801666975, 0.010011584497988224, 0.010025441646575928, 0.010007680393755436, 0.009998197667300701, 0.01000329852104187, 0.009998713620007038, 0.009998233057558537, 0.009996226988732815, 0.009997795335948467, 0.009997657500207424, 0.009993945248425007, 0.00999136921018362, 0.00999076385051012, 0.009989593178033829, 0.009989514015614986, 0.009989711456000805, 0.009988761506974697, 0.00998835638165474, 0.009987023659050465, 0.009986652061343193, 0.01001484040170908, 0.010010571219027042, 0.010041541419923306, 0.01003072876483202, 0.010034812614321709, 0.010032334364950657, 0.010029805824160576, 0.01002876553684473, 0.01002858579158783, 0.010028555057942867, 0.010029278695583344, 0.010029933415353298, 0.010030247271060944, 0.010029909200966358, 0.010031049139797688, 0.010030307807028294, 0.010030683130025864, 0.010030773468315601, 0.010029401630163193], "_timestamp": 1693325240.715742, "_runtime": 204.37719321250916, "_step": 0, "_wandb": {"runtime": 203}}