{"Test Accuracy": [0.197, 0.1868, 0.1893, 0.2079, 0.1966], "Mean Per Epoch": [-0.0009198542102240026, -0.0008321264176629484, -0.0006987657397985458, -0.000575534999370575, -0.0004886465612798929, -0.00043369384366087615, -0.0003907360078301281, -0.0003596882743295282, -0.00033252444700337946, -0.0003105505893472582, -0.0002921473060268909, -0.00027739221695810556, -0.0002633695548865944, -0.00025153232854790986, -0.0002409618318779394, -0.00023142182908486575, -0.00022337485279422253, -0.00021426209423225373, -0.0002072601782856509, -0.00020041137759108096, -0.00019448429520707577, -0.0006363710854202509, -0.0007144894334487617, -0.0007138166693039238, -0.000691012479364872, -0.000667512184008956, -0.000646224885713309, -0.0006288308650255203, -0.0006127255037426949, -0.000598945829551667, -0.0005877276998944581, -0.0005783698870800436, -0.0005696173175238073, -0.0005621747695840895, -0.0005551713984459639, -0.0005489751347340643, -0.0005438781809061766, -0.0005389827420003712, -0.0005347286933101714, -0.0005306570674292743, -0.0005270691472105682, -0.000689422304276377, -0.0004817007284145802, -0.00032874391763471067, -0.00023708694789092988, -0.00018162078049499542, -0.0001414817088516429, -0.00010893851140281186, -8.41907094581984e-05, -6.332186603685841e-05, -4.48377504653763e-05, -2.951206079160329e-05, -1.586414873600006e-05, -4.2108972593268845e-06, 6.113356448622653e-06, 1.5663603335269727e-05, 2.414810842310544e-05, 3.1273655622499064e-05, 3.826959800790064e-05, 4.3831223592860624e-05, 4.9535028665559366e-05, -0.00021217418543528765, -7.59811746320338e-06, 0.00031065361690707505, 0.0004923330270685256, 0.0005992603837512434, 0.000668161257635802, 0.0007184864371083677, 0.0007581044919788837, 0.0007914069574326277, 0.0008183882455341518, 0.0008412203169427812, 0.0008608339703641832, 0.0008783449302427471, 0.0008933226927183568, 0.000907453999388963, 0.0009193406440317631, 0.0009301943355239928, 0.0009397825342603028, 0.0009487990755587816, 0.0009575290605425835, 0.0005256597069092095, 0.0004626627778634429, 0.0004955961485393345, 0.0005300118937157094, 0.0005562570295296609, 0.0005750263808295131, 0.0005939658149145544, 0.0006098877638578415, 0.0006236531189642847, 0.0006369905895553529, 0.0006489402730949223, 0.0006579415057785809, 0.0006664425018243492, 0.0006747651495970786, 0.0006811267230659723, 0.0006880767759867013, 0.0006930536474101245, 0.0006983565981499851, 0.0007031715358607471], "Std Per Epoch": [0.009999998845160007, 0.01002692710608244, 0.010024827904999256, 0.010035735554993153, 0.010035306215286255, 0.010032213293015957, 0.010033967904746532, 0.01003305148333311, 0.010032831691205502, 0.010032336227595806, 0.010029945522546768, 0.010028276592493057, 0.010028178803622723, 0.010026778094470501, 0.01002670731395483, 0.010027614422142506, 0.010028023272752762, 0.010028102435171604, 0.010027005337178707, 0.01002700999379158, 0.01002525258809328, 0.010014203377068043, 0.010033746249973774, 0.010022323578596115, 0.010021175257861614, 0.010020514018833637, 0.010020156390964985, 0.010017416439950466, 0.010017282329499722, 0.01001477986574173, 0.010014461353421211, 0.01001465879380703, 0.010013364255428314, 0.010013294406235218, 0.010011888109147549, 0.010011956095695496, 0.010010817088186741, 0.010010006837546825, 0.010009353049099445, 0.010009120218455791, 0.010009090416133404, 0.010005160234868526, 0.009978842921555042, 0.009982082061469555, 0.009974378161132336, 0.009973062202334404, 0.009968499653041363, 0.009963405318558216, 0.009961809031665325, 0.009961545467376709, 0.009958961978554726, 0.009957128204405308, 0.009956748224794865, 0.009956481866538525, 0.009956695139408112, 0.00995828676968813, 0.009958500973880291, 0.009957590140402317, 0.009957165457308292, 0.009956276044249535, 0.009955490939319134, 0.009974648244678974, 0.00997826736420393, 0.009978623129427433, 0.009966951794922352, 0.009962440468370914, 0.00995982252061367, 0.009962870739400387, 0.009964248165488243, 0.009963009506464005, 0.009964199736714363, 0.009963390417397022, 0.009962816722691059, 0.009963405318558216, 0.009962939657270908, 0.009961976669728756, 0.009961330331861973, 0.009960745461285114, 0.009960925206542015, 0.009960759431123734, 0.009960494935512543, 0.009917227551341057, 0.00992044061422348, 0.009930897504091263, 0.009920253418385983, 0.00991394929587841, 0.009914721362292767, 0.009913728572428226, 0.009911727160215378, 0.009909573942422867, 0.009910544380545616, 0.00990841630846262, 0.00990843866020441, 0.00990754272788763, 0.009908005595207214, 0.009907105937600136, 0.00990800280123949, 0.009907105006277561, 0.00990765355527401, 0.009906216524541378], "_timestamp": 1693322582.9832675, "_runtime": 205.32778549194336, "_step": 0, "_wandb": {"runtime": 203}}