{"Test Accuracy": [0.067, 0.0672, 0.0678, 0.0703, 0.0671], "Mean Per Epoch": null, "Std Per Epoch": null, "_timestamp": 1693318638.165484, "_runtime": 1275.7170329093933, "_step": 0, "_wandb": {"runtime": 1274}}