{"Test Accuracy": [0.2082, 0.1906, 0.1976, 0.1982, 0.196], "Mean Per Epoch": null, "Std Per Epoch": null, "_timestamp": 1693327459.4209988, "_runtime": 127.10096192359924, "_step": 0, "_wandb": {"runtime": 125}}