{"Test Accuracy": [0.1967, 0.2004, 0.1815, 0.1956, 0.2113], "Mean Per Epoch": null, "Std Per Epoch": null, "_timestamp": 1693364192.9008482, "_runtime": 110.98890709877014, "_step": 0, "_wandb": {"runtime": 109}}