{"Test Accuracy": [0.1612, 0.2162, 0.3085, 0.3676, 0.3287], "Mean Per Epoch": [0.0017920108512043953, 0.00178198900539428, 0.001772519783116877, 0.0017637698911130428, 0.0017556934617459774, 0.0017482452094554901, 0.0017413720488548279, 0.0017347155371680856, 0.0017288165399804711, 0.0017242735484614968, 0.0017203959869220853, 0.00171659083571285, 0.0017135509988293052, 0.0017109772888943553, 0.0017095288494601846, 0.0017086832085624337, 0.0017097980016842484, 0.0017114229267463088, 0.0017135320231318474, 0.0017163505544885993, 0.0017188949277624488, 0.001714318641461432, 0.001706665731035173, 0.0016995189944282174, 0.001692401128821075, 0.0016852166736498475, 0.0016784557374194264, 0.0016723033040761948, 0.0016668736934661865, 0.0016615890199318528, 0.0016567189013585448, 0.001652562990784645, 0.0016489882254973054, 0.0016454592114314437, 0.001642244285903871, 0.0016395282000303268, 0.0016370374942198396, 0.001634787768125534, 0.001632850500755012, 0.0016308097401633859, 0.0016292851651087403, 0.0016282055294141173, 0.0016240226104855537, 0.0016193607589229941, 0.001613698317669332, 0.0016072302823886275, 0.0016009709797799587, 0.001594176166690886, 0.0015866191824898124, 0.0015792008489370346, 0.0015714853070676327, 0.0015636807074770331, 0.00155606959015131, 0.0015482924645766616, 0.0015404419973492622, 0.0015327850123867393, 0.0015246974071487784, 0.001516723190434277, 0.0015087261563166976, 0.0015007226029410958, 0.001493337913416326, 0.0014845057157799602, 0.0014718050369992852, 0.0014582941075786948, 0.0014448388246819377, 0.0014319132314994931, 0.0014192317612469196, 0.0014067785814404488, 0.0013942178338766098, 0.0013814667472615838, 0.001368715544231236, 0.0013563893735408783, 0.00134474562946707, 0.001333623193204403, 0.0013224752619862556, 0.0013106724945828319, 0.0012996322475373745, 0.0012892252998426557, 0.0012797144008800387, 0.0012711635790765285, 0.0012642923975363374, 0.001264188322238624, 0.0012620611814782023, 0.0012573115527629852, 0.0012517754221335053, 0.001245969906449318, 0.0012403047876432538, 0.0012350801844149828, 0.0012306288117542863, 0.0012256790651008487, 0.0012204817030578852, 0.0012143609346821904, 0.0012085729977115989, 0.0012046595802530646, 0.0012001730501651764, 0.001195824588648975, 0.0011921669356524944, 0.0011884960113093257, 0.001184476655907929, 0.0011799219064414501], "Std Per Epoch": [0.01100000087171793, 0.010987690649926662, 0.011018279008567333, 0.01099206879734993, 0.011011041700839996, 0.010998138226568699, 0.010978993959724903, 0.010990720242261887, 0.01099952682852745, 0.011032409965991974, 0.011007089167833328, 0.011044369079172611, 0.011104635894298553, 0.01113916840404272, 0.011159629561007023, 0.011191201396286488, 0.011282216757535934, 0.01129605621099472, 0.011295250616967678, 0.011282689869403839, 0.011281435377895832, 0.011246797628700733, 0.011226646602153778, 0.011217414401471615, 0.011224709451198578, 0.011279263533651829, 0.011226900853216648, 0.011236585676670074, 0.011241164989769459, 0.01121868658810854, 0.011188346892595291, 0.011205214075744152, 0.011209298856556416, 0.011178242973983288, 0.011185787618160248, 0.011187057010829449, 0.011172551661729813, 0.011148549616336823, 0.011125876568257809, 0.011149939149618149, 0.011168401688337326, 0.01115348469465971, 0.011118474416434765, 0.011166416108608246, 0.011188720352947712, 0.011265501379966736, 0.0112681919708848, 0.011317994445562363, 0.011304997839033604, 0.011276096105575562, 0.01130144577473402, 0.011400192975997925, 0.011466537602245808, 0.011449750512838364, 0.011380740441381931, 0.011362793855369091, 0.011364064179360867, 0.011378535069525242, 0.01139944326132536, 0.011373947374522686, 0.011334414593875408, 0.011266383342444897, 0.011354945600032806, 0.011305793188512325, 0.011287127621471882, 0.011283603496849537, 0.011266871355473995, 0.011232971213757992, 0.011284037493169308, 0.01131198089569807, 0.011275764554738998, 0.01126555074006319, 0.011238357983529568, 0.011272520758211613, 0.011390376836061478, 0.011319038458168507, 0.01134436670690775, 0.011293880641460419, 0.011301522143185139, 0.011328056454658508, 0.01132496539503336, 0.011329702101647854, 0.011322143487632275, 0.011246751993894577, 0.011263630352914333, 0.01135574746876955, 0.01130062434822321, 0.011302278377115726, 0.011382578872144222, 0.011343047954142094, 0.011326055973768234, 0.011303006671369076, 0.011368350125849247, 0.011310589499771595, 0.011222400702536106, 0.011202245019376278, 0.011206351220607758, 0.01121041551232338, 0.01121009886264801, 0.011259708553552628], "_timestamp": 1693348855.6542208, "_runtime": 211.89865493774414, "_step": 0, "_wandb": {"runtime": 210}}