{"Test Accuracy": [0.1969, 0.1965, 0.1783, 0.1942, 0.2433], "Mean Per Epoch": [0.0017920108512043953, 0.0018199192127212882, 0.001954973442479968, 0.0021309771109372377, 0.0022468033712357283, 0.002330475253984332, 0.0023895653430372477, 0.002434570575132966, 0.0024695952888578176, 0.0024989235680550337, 0.0025229521561414003, 0.0025424647610634565, 0.0025596811901777983, 0.002574892481788993, 0.002587974304333329, 0.002599358791485429, 0.002609260380268097, 0.002618456957861781, 0.0026271010283380747, 0.002634713426232338, 0.0026418587658554316, 0.0021235996391624212, 0.0019790984224528074, 0.002008070470765233, 0.0020449019502848387, 0.002069323556497693, 0.0020914459601044655, 0.0021084484178572893, 0.0021220885682851076, 0.002133888192474842, 0.0021431867498904467, 0.002151215448975563, 0.0021594183053821325, 0.002165207639336586, 0.0021725043188780546, 0.002177550457417965, 0.002182675525546074, 0.0021868348121643066, 0.002190440194681287, 0.0021946607157588005, 0.0021969603840261698, 0.0020979081746190786, 0.0022289250046014786, 0.0023854507599025965, 0.0024779888335615396, 0.0025359278079122305, 0.0025808762293308973, 0.002615392906591296, 0.002642848528921604, 0.0026660843286663294, 0.0026857824996113777, 0.0027027593459933996, 0.0027175035793334246, 0.0027303816750645638, 0.002741532400250435, 0.002751561813056469, 0.002760520437732339, 0.0027684932574629784, 0.0027757836505770683, 0.0027824256103485823, 0.002788538346067071, 0.0022880155593156815, 0.0021935973782092333, 0.0022156762424856424, 0.002239629626274109, 0.0022601548116654158, 0.0022752685472369194, 0.002287582028657198, 0.0022964749950915575, 0.0023038405925035477, 0.002310004085302353, 0.0023148248437792063, 0.00231922953389585, 0.0023230097722262144, 0.0023260468151420355, 0.0023292035330086946, 0.0023316103033721447, 0.0023338317405432463, 0.0023362378124147654, 0.0023383956868201494, 0.002339913509786129, 0.002547667594626546, 0.0031342196743935347, 0.003457641927525401, 0.003637148765847087, 0.003746606642380357, 0.0038211506325751543, 0.0038747023791074753, 0.003916657064110041, 0.003950102254748344, 0.003977235406637192, 0.004000196699053049, 0.0040204208344221115, 0.004038084298372269, 0.004052645526826382, 0.004066653084009886, 0.004079150501638651, 0.0040899314917624, 0.004100168589502573, 0.0041093830950558186], "Std Per Epoch": [0.009999998845160007, 0.009991009719669819, 0.010009787045419216, 0.009997905232012272, 0.010002724826335907, 0.01000086311250925, 0.010000049136579037, 0.009999544359743595, 0.009999026544392109, 0.009997865185141563, 0.009996499866247177, 0.00999785028398037, 0.009998861700296402, 0.009998670779168606, 0.009997551329433918, 0.00999708753079176, 0.009996992535889149, 0.009997830726206303, 0.009998810477554798, 0.009997885674238205, 0.009998190216720104, 0.00995731633156538, 0.009966635145246983, 0.009964734315872192, 0.009964154101908207, 0.009965435601770878, 0.009965390898287296, 0.00996579322963953, 0.009965683333575726, 0.009965907782316208, 0.009965011849999428, 0.009966020472347736, 0.009966312907636166, 0.00996572244912386, 0.009965668432414532, 0.009965452365577221, 0.009965561330318451, 0.009965104050934315, 0.009964335709810257, 0.00996409635990858, 0.009964712895452976, 0.009972607716917992, 0.009958640672266483, 0.009969783946871758, 0.009968661703169346, 0.00997407641261816, 0.00997103750705719, 0.009971998631954193, 0.009969223290681839, 0.009967750869691372, 0.009967206977307796, 0.009966923855245113, 0.00996810756623745, 0.009965500794351101, 0.009965508244931698, 0.009964514523744583, 0.009963315911591053, 0.009963469579815865, 0.009961958043277264, 0.009961366653442383, 0.009960914961993694, 0.009981944225728512, 0.010008599609136581, 0.009991592727601528, 0.00999075174331665, 0.009988825768232346, 0.009988528676331043, 0.009986506775021553, 0.009985502809286118, 0.009985021315515041, 0.00998479500412941, 0.009984354488551617, 0.009982350282371044, 0.009982909075915813, 0.00998316053301096, 0.00998277124017477, 0.00998245645314455, 0.009982306510210037, 0.00998214166611433, 0.009982398711144924, 0.009981893934309483, 0.01002019364386797, 0.010037503205239773, 0.010014715604484081, 0.01002085767686367, 0.010028619319200516, 0.010023963637650013, 0.010024508461356163, 0.010025660507380962, 0.010024315677583218, 0.010023562237620354, 0.010023035109043121, 0.010023185051977634, 0.010022856295108795, 0.01002152357250452, 0.010020897723734379, 0.01002097874879837, 0.010020471177995205, 0.010020367801189423, 0.010020438581705093], "_timestamp": 1693349063.8523803, "_runtime": 204.38037824630737, "_step": 0, "_wandb": {"runtime": 202}}