{"Test Accuracy": [0.2017, 0.196, 0.1966, 0.1988, 0.2007], "Mean Per Epoch": null, "Std Per Epoch": null, "_timestamp": 1693380270.9720151, "_runtime": 126.37031817436218, "_step": 0, "_wandb": {"runtime": 124}}