{"Test Accuracy": [0.1968, 0.2007, 0.1942, 0.1948, 0.1952], "Mean Per Epoch": [0.0013928251573815942, 0.0013801447348669171, 0.0014229981461539865, 0.001496884855441749, 0.001555600669234991, 0.0015988281229510903, 0.0016332484083250165, 0.0016617244109511375, 0.0016841599717736244, 0.001703442889265716, 0.0017194770043715835, 0.0017334603471681476, 0.0017453545005992055, 0.0017559006810188293, 0.0017650761874392629, 0.0017732562264427543, 0.0017806930700317025, 0.0017875321209430695, 0.0017934715142473578, 0.001799407065846026, 0.0018048373749479651, 0.0015140115283429623, 0.0015030534705147147, 0.0015523023903369904, 0.0016128192655742168, 0.0016623347764834762, 0.0017014617333188653, 0.0017326449742540717, 0.001759640290401876, 0.0017827129922807217, 0.0018031480722129345, 0.0018201139755547047, 0.0018355058273300529, 0.0018494388787075877, 0.0018626712262630463, 0.0018745831912383437, 0.0018849273910745978, 0.0018949703080579638, 0.0019039477920159698, 0.0019123017555102706, 0.0019206693395972252, 0.001628561527468264, 0.0017456403002142906, 0.0019230451434850693, 0.002053846837952733, 0.002144292462617159, 0.002215419663116336, 0.002272643381729722, 0.002318832790479064, 0.002355714561417699, 0.002386351814493537, 0.0024123848415911198, 0.0024343410041183233, 0.0024542175233364105, 0.0024720714427530766, 0.0024873639922589064, 0.002501418814063072, 0.0025141958612948656, 0.0025255426298826933, 0.002536254469305277, 0.0025454750284552574, 0.001601454452611506, 0.0012780429096892476, 0.0012533128028735518, 0.0012816875241696835, 0.001310444436967373, 0.001338854432106018, 0.0013634745264425874, 0.0013845572248101234, 0.0014039179077371955, 0.0014223518082872033, 0.0014387007104232907, 0.0014514903305098414, 0.0014637177810072899, 0.001476546749472618, 0.0014863848919048905, 0.001495111733675003, 0.0015042013255879283, 0.0015125619247555733, 0.001520108082331717, 0.0015275931218639016, 0.0013918926706537604, 0.0015784575371071696, 0.0017371956491842866, 0.0018490032525733113, 0.0019343731692060828, 0.0019966070540249348, 0.0020425328984856606, 0.0020779839251190424, 0.0021076537668704987, 0.0021331459283828735, 0.0021545840427279472, 0.0021727420389652252, 0.0021891642827540636, 0.0022033166605979204, 0.002216309541836381, 0.0022280460689216852, 0.0022383995819836855, 0.0022482865024358034, 0.0022573096211999655], "Std Per Epoch": [0.009999998845160007, 0.009977619163691998, 0.009967178106307983, 0.00996983703225851, 0.009965814650058746, 0.009961600415408611, 0.009961930103600025, 0.009960510767996311, 0.009960644878447056, 0.009960009716451168, 0.009957379661500454, 0.009957254864275455, 0.009956985712051392, 0.009956230409443378, 0.009954790584743023, 0.009955004788935184, 0.009954631328582764, 0.009954814799129963, 0.009954716078937054, 0.009953760541975498, 0.009953481145203114, 0.009917911142110825, 0.009930280037224293, 0.009924680925905704, 0.009923874400556087, 0.009923535399138927, 0.009923165664076805, 0.009920734912157059, 0.009921034798026085, 0.009919860400259495, 0.009919015690684319, 0.009919523261487484, 0.009920172393321991, 0.009919884614646435, 0.009919107891619205, 0.00991883222013712, 0.009919420816004276, 0.009919359348714352, 0.009918740950524807, 0.009918254800140858, 0.00991776306182146, 0.009925986640155315, 0.009924340061843395, 0.00993266236037016, 0.009932732209563255, 0.009935337118804455, 0.009937197901308537, 0.009937279857695103, 0.009936923161149025, 0.009936423972249031, 0.00993568729609251, 0.009935896843671799, 0.009934943169355392, 0.009935794398188591, 0.009935680776834488, 0.009935043752193451, 0.00993405282497406, 0.009933354333043098, 0.00993279553949833, 0.009932712651789188, 0.009933151304721832, 0.009994948282837868, 0.009985466487705708, 0.009991328231990337, 0.009984911419451237, 0.009980346076190472, 0.009981297887861729, 0.009979882277548313, 0.009981020353734493, 0.00997882429510355, 0.009981314651668072, 0.009982204996049404, 0.009981206618249416, 0.009982253424823284, 0.009981019422411919, 0.009979899041354656, 0.009979339316487312, 0.009979691356420517, 0.00998066645115614, 0.009980124421417713, 0.009979728609323502, 0.00999720860272646, 0.010013994760811329, 0.010015849024057388, 0.010021825321018696, 0.010025705210864544, 0.010024341754615307, 0.010022472590208054, 0.010022048838436604, 0.010023785755038261, 0.010023526847362518, 0.010021059773862362, 0.010021288879215717, 0.01002277061343193, 0.010021522641181946, 0.010021624155342579, 0.010020597837865353, 0.0100191505625844, 0.010019274428486824, 0.010019163601100445], "_timestamp": 1693395640.643094, "_runtime": 204.96187710762024, "_step": 0, "_wandb": {"runtime": 203}}