{"Test Accuracy": [0.1963, 0.2385, 0.2234, 0.2008, 0.2189], "Mean Per Epoch": null, "Std Per Epoch": null, "_timestamp": 1693335283.1480975, "_runtime": 117.96031045913696, "_step": 0, "_wandb": {"runtime": 116}}