{"Test Accuracy": [0.199, 0.1987, 0.1994, 0.2132, 0.1819], "Mean Per Epoch": null, "Std Per Epoch": null, "_timestamp": 1693369349.2874904, "_runtime": 117.55508637428284, "_step": 0, "_wandb": {"runtime": 116}}