{"Test Accuracy": [0.0943, 0.0997, 0.0986, 0.1012, 0.0973], "Mean Per Epoch": null, "Std Per Epoch": null, "_timestamp": 1693358269.409115, "_runtime": 1297.020779132843, "_step": 0, "_wandb": {"runtime": 1295}}