{"Test Accuracy": [0.1959, 0.1984, 0.1999, 0.2082, 0.1854], "Mean Per Epoch": null, "Std Per Epoch": null, "_timestamp": 1693332394.3942273, "_runtime": 116.99606227874756, "_step": 0, "_wandb": {"runtime": 115}}