{"Test Accuracy": [0.1733, 0.2699, 0.2182, 0.3632, 0.3472], "Mean Per Epoch": [0.001985392766073346, 0.0019733000081032515, 0.001961634960025549, 0.0019505483796820045, 0.0019398090662434697, 0.0019293283112347126, 0.0019194489577785134, 0.0019099172204732895, 0.0019008537055924535, 0.0018924592295661569, 0.00188488292042166, 0.0018778942758217454, 0.001871441025286913, 0.0018652933649718761, 0.0018597521120682359, 0.0018544612685218453, 0.0018495544791221619, 0.0018449072958901525, 0.0018404846778139472, 0.0018363543786108494, 0.0018327404977753758, 0.0018281099619343877, 0.001822149846702814, 0.0018163920613005757, 0.001810966874472797, 0.0018058569403365254, 0.0018008946208283305, 0.001796857570298016, 0.0017932620830833912, 0.001789705827832222, 0.0017864626133814454, 0.001783300656825304, 0.0017803719965741038, 0.0017773025901988149, 0.0017742261989042163, 0.0017712698318064213, 0.001768799964338541, 0.0017669042572379112, 0.0017654523253440857, 0.0017640824662521482, 0.0017630598740652204, 0.0017605986213311553, 0.0017555063823238015, 0.0017514326609671116, 0.0017490604659542441, 0.001747857197187841, 0.0017474149353802204, 0.0017465436831116676, 0.0017435410991311073, 0.001740177976898849, 0.0017370538553223014, 0.0017341814236715436, 0.0017314804717898369, 0.0017299643950536847, 0.0017281515756621957, 0.0017261343309655786, 0.00172445981297642, 0.0017226896015927196, 0.0017211674712598324, 0.0017197905108332634, 0.0017186113400384784, 0.001715933089144528, 0.001711416058242321, 0.0017068107845261693, 0.0017026049317792058, 0.0016990207368507981, 0.0016955967294052243, 0.0016924332594498992, 0.0016895417356863618, 0.0016872086562216282, 0.0016854930436238647, 0.0016840394819155335, 0.0016829351661726832, 0.0016824001213535666, 0.0016823274781927466, 0.001682727481238544, 0.0016834125854074955, 0.0016843946650624275, 0.0016854404238983989, 0.0016868142411112785, 0.0016882376512512565, 0.0016919741174206138, 0.0016920911148190498, 0.0016908507095649838, 0.0016900855116546154, 0.0016882916679605842, 0.001686583273112774, 0.001685796189121902, 0.0016850080573931336, 0.0016839872114360332, 0.0016838397132232785, 0.0016837194561958313, 0.0016839144518598914, 0.0016841221367940307, 0.001684389659203589, 0.0016850923420861363, 0.0016860788455232978, 0.0016873236745595932, 0.0016883130883798003, 0.0016890742117539048], "Std Per Epoch": [0.01100000087171793, 0.011018774472177029, 0.011022396385669708, 0.010992538183927536, 0.01096814963966608, 0.01096925139427185, 0.010969002731144428, 0.010942313820123672, 0.010959691368043423, 0.010962068103253841, 0.010968352667987347, 0.010954968631267548, 0.010938898660242558, 0.010905720293521881, 0.01090144831687212, 0.01087964791804552, 0.010861116461455822, 0.010825307108461857, 0.010825023986399174, 0.010813667438924313, 0.010821256786584854, 0.010825580917298794, 0.010809860192239285, 0.010811026208102703, 0.01084543764591217, 0.010816186666488647, 0.010835006833076477, 0.010867799632251263, 0.010846219025552273, 0.010860089212656021, 0.010842631570994854, 0.010842240415513515, 0.010832403786480427, 0.010828650556504726, 0.010803605429828167, 0.010812848806381226, 0.01085712667554617, 0.01087371725589037, 0.010859403759241104, 0.010870466940104961, 0.010885844938457012, 0.010880406945943832, 0.010878360830247402, 0.010946650989353657, 0.01096668466925621, 0.011006464250385761, 0.010956890881061554, 0.010891146026551723, 0.010825489647686481, 0.01083073765039444, 0.010825187899172306, 0.010800589807331562, 0.01082670222967863, 0.010847989469766617, 0.010826594196259975, 0.010821887291967869, 0.010795441456139088, 0.01077925506979227, 0.01078204158693552, 0.010776292532682419, 0.010774505324661732, 0.010793467052280903, 0.010776019655168056, 0.010767814703285694, 0.010772060602903366, 0.01076193805783987, 0.010746065527200699, 0.010760038159787655, 0.010752891190350056, 0.010757063515484333, 0.010723933577537537, 0.0107176648452878, 0.01070889551192522, 0.010722246021032333, 0.010726756416261196, 0.010745038278400898, 0.01073503028601408, 0.010723035782575607, 0.01073545590043068, 0.010724402964115143, 0.010732610709965229, 0.010760492645204067, 0.010731321759521961, 0.010724972002208233, 0.010682239197194576, 0.010691184550523758, 0.010693290270864964, 0.01070726290345192, 0.010693840682506561, 0.01070795301347971, 0.010716333985328674, 0.010703452862799168, 0.010701927356421947, 0.010692405514419079, 0.010717474855482578, 0.010699369013309479, 0.010733500123023987, 0.010731243528425694, 0.010696406476199627, 0.01067245751619339], "_timestamp": 1693332065.9553368, "_runtime": 213.00149989128113, "_step": 0, "_wandb": {"runtime": 211}}