{"Test Accuracy": [0.1963, 0.2002, 0.2136, 0.1864, 0.1916], "Mean Per Epoch": null, "Std Per Epoch": null, "_timestamp": 1693335047.0122256, "_runtime": 118.74362564086914, "_step": 0, "_wandb": {"runtime": 116}}