{"Test Accuracy": [0.1935, 0.1804, 0.1979, 0.2026, 0.2246], "Mean Per Epoch": null, "Std Per Epoch": null, "_timestamp": 1693372225.1860569, "_runtime": 117.39676690101624, "_step": 0, "_wandb": {"runtime": 116}}