{"Test Accuracy": [0.1639, 0.1936, 0.3537, 0.43, 0.3825], "Mean Per Epoch": [0.0034148290287703276, 0.003403046866878867, 0.003391864011064172, 0.003381195245310664, 0.0033714829478412867, 0.0033631175756454468, 0.0033556825947016478, 0.003348618745803833, 0.003341512056067586, 0.003334535052999854, 0.003327910089865327, 0.003321812255308032, 0.003316236659884453, 0.003310905070975423, 0.003306051716208458, 0.003301365301012993, 0.003297060029581189, 0.0032931372988969088, 0.0032896529883146286, 0.0032865155953913927, 0.003283916274085641, 0.003281951881945133, 0.0032793490681797266, 0.0032767336815595627, 0.0032744596246629953, 0.003272155299782753, 0.003269715467467904, 0.0032674556132405996, 0.0032658881973475218, 0.0032644772436469793, 0.0032629461493343115, 0.0032616399694234133, 0.0032607323955744505, 0.003260355442762375, 0.0032604855950921774, 0.0032606578897684813, 0.003261215053498745, 0.003261973150074482, 0.003262874437496066, 0.003263910533860326, 0.0032650285866111517, 0.003260835772380233, 0.003253500210121274, 0.003246660577133298, 0.0032401832286268473, 0.0032338404562324286, 0.003227486275136471, 0.0032214021775871515, 0.003215651260688901, 0.0032103683333843946, 0.003205404616892338, 0.0032010648865252733, 0.0031971705611795187, 0.00319391000084579, 0.003191324882209301, 0.003188425675034523, 0.0031860435847193003, 0.003183749271556735, 0.0031814954709261656, 0.0031794505193829536, 0.0031779061537235975, 0.0031747666653245687, 0.003168490482494235, 0.0031618736684322357, 0.003155467100441456, 0.00314945331774652, 0.0031435908749699593, 0.0031381379812955856, 0.0031329328194260597, 0.0031273632775992155, 0.003121284767985344, 0.0031149296555668116, 0.003108740085735917, 0.003102814080193639, 0.00309687084518373, 0.0030915311072021723, 0.0030865969602018595, 0.003081887261942029, 0.003077283501625061, 0.003072677878662944, 0.003068540245294571, 0.0030703190714120865, 0.0030696960166096687, 0.003068137913942337, 0.00306699238717556, 0.003065679920837283, 0.0030640822369605303, 0.0030626317020505667, 0.0030612440314143896, 0.003060409799218178, 0.0030593632254749537, 0.0030584344640374184, 0.0030578242149204016, 0.0030575988348573446, 0.0030574381817132235, 0.00305728055536747, 0.0030573972035199404, 0.0030576821882277727, 0.0030581781174987555, 0.003058982314541936], "Std Per Epoch": [0.01100000087171793, 0.010980633087456226, 0.010993539355695248, 0.0110172675922513, 0.011068210005760193, 0.011125818826258183, 0.011136463843286037, 0.011125282384455204, 0.011054682545363903, 0.011035189963877201, 0.011047087609767914, 0.01103662233799696, 0.011009945534169674, 0.011006279848515987, 0.010985098779201508, 0.010982031933963299, 0.010995220392942429, 0.010966121219098568, 0.010984628461301327, 0.010964415036141872, 0.0109550254419446, 0.010942541994154453, 0.010989372618496418, 0.010984954424202442, 0.01096613984555006, 0.010923677124083042, 0.010918078012764454, 0.010905470699071884, 0.01089187990874052, 0.01090532448142767, 0.010873950086534023, 0.010851993225514889, 0.010884453542530537, 0.010913986712694168, 0.010867816396057606, 0.010872299782931805, 0.010896923951804638, 0.010876447893679142, 0.010851036757230759, 0.01083559449762106, 0.010839725844562054, 0.010866046883165836, 0.010904654860496521, 0.010929030366241932, 0.010908074676990509, 0.010898261331021786, 0.010858985595405102, 0.010862681083381176, 0.010873071849346161, 0.010891919024288654, 0.010904327966272831, 0.010901279747486115, 0.010911314748227596, 0.01090520154684782, 0.010916881263256073, 0.010931580327451229, 0.010953026823699474, 0.010922890156507492, 0.010925382375717163, 0.010947194881737232, 0.01097126305103302, 0.010941552929580212, 0.010980895720422268, 0.010941634885966778, 0.010945223271846771, 0.010961652733385563, 0.01097975205630064, 0.010977295227348804, 0.01098224800080061, 0.010946656577289104, 0.010921746492385864, 0.010919942520558834, 0.010909260250627995, 0.010886377654969692, 0.01085445936769247, 0.010829344391822815, 0.010853718034923077, 0.010882791131734848, 0.010880411602556705, 0.010850551538169384, 0.010828767903149128, 0.010776159353554249, 0.010756845586001873, 0.010751169174909592, 0.010765907354652882, 0.010785725899040699, 0.010742809623479843, 0.010744363069534302, 0.01075370330363512, 0.010739131830632687, 0.010713438503444195, 0.010686167515814304, 0.010701795108616352, 0.010701117105782032, 0.010716967284679413, 0.010728273540735245, 0.010742836631834507, 0.01071952749043703, 0.01070696022361517, 0.010709031485021114], "_timestamp": 1693382210.0884132, "_runtime": 212.87064027786255, "_step": 0, "_wandb": {"runtime": 211}}