{"Test Accuracy": [0.189, 0.2041, 0.2153, 0.2, 0.2608], "Mean Per Epoch": null, "Std Per Epoch": null, "_timestamp": 1693359051.9532938, "_runtime": 118.49556183815002, "_step": 0, "_wandb": {"runtime": 117}}