{"Test Accuracy": [0.0959, 0.0983, 0.093, 0.0986, 0.0974], "Mean Per Epoch": null, "Std Per Epoch": null, "_timestamp": 1693387270.8384016, "_runtime": 1292.9583456516266, "_step": 0, "_wandb": {"runtime": 1290}}