{"Test Accuracy": [0.1811, 0.2637, 0.2495, 0.3745, 0.4179], "Mean Per Epoch": [0.0004690953064709902, 0.0004605235590133816, 0.0004527934070210904, 0.0004455700982362032, 0.0004390814865473658, 0.0004331529198680073, 0.00042752837180159986, 0.0004226307210046798, 0.00041821287595666945, 0.00041412701830267906, 0.0004106278938706964, 0.0004077870398759842, 0.0004057674668729305, 0.00040445011109113693, 0.00040317061939276755, 0.00040257201180793345, 0.0004016935417894274, 0.00040083486237563193, 0.0004003295616712421, 0.00039999911678023636, 0.0003998774045612663, 0.00039609847590327263, 0.00039055151864886284, 0.00038471989682875574, 0.0003785471199080348, 0.00037258933298289776, 0.00036685934173874557, 0.0003612228902056813, 0.00035599549300968647, 0.00035123396082781255, 0.00034763000439852476, 0.00034406210761517286, 0.0003413472732063383, 0.00033899847767315805, 0.00033650771365500987, 0.0003331373445689678, 0.0003300216922070831, 0.0003266706771682948, 0.0003235292970202863, 0.0003206791589036584, 0.0003179269842803478, 0.00031929361284710467, 0.00031943785143084824, 0.00032027263659983873, 0.0003204935637768358, 0.0003195038007106632, 0.0003191581927239895, 0.0003186975955031812, 0.00031787293846718967, 0.0003172782307956368, 0.0003171828866470605, 0.0003171872813254595, 0.0003173614386469126, 0.00031769831548444927, 0.0003181990177836269, 0.00031912929262034595, 0.0003209993301425129, 0.00032361815101467073, 0.000325404922477901, 0.00032675141119398177, 0.00032810610719025135, 0.0003253305912949145, 0.0003189698327332735, 0.00031283937278203666, 0.00030677966424264014, 0.00030097467242740095, 0.0002955769014079124, 0.00029035526677034795, 0.00028526614187285304, 0.00028058316092938185, 0.0002762259391602129, 0.0002723781217355281, 0.00026899599470198154, 0.0002661184698808938, 0.00026347205857746303, 0.00026109960163012147, 0.00025883325724862516, 0.00025676406221464276, 0.00025508817634545267, 0.0002537631371524185, 0.0002528936602175236, 0.0002492472412995994, 0.00024199461040552706, 0.00023469830921385437, 0.00022794718097429723, 0.00022188494040165097, 0.00021648519032169133, 0.00021157240553293377, 0.0002071081689791754, 0.00020291004329919815, 0.00019898854952771217, 0.00019525601237546653, 0.00019183254335075617, 0.00018861459102481604, 0.0001856037852121517, 0.00018302832904737443, 0.00018078794528264552, 0.00017896352801471949, 0.00017735525034368038, 0.00017603370361030102], "Std Per Epoch": [0.01100000087171793, 0.011013881303369999, 0.011002588085830212, 0.010981961153447628, 0.010987506248056889, 0.010978820733726025, 0.010977459140121937, 0.010980978608131409, 0.01097212452441454, 0.010949150659143925, 0.010973725467920303, 0.010999615304172039, 0.011040122248232365, 0.011000261642038822, 0.011014788411557674, 0.010981111787259579, 0.010948247276246548, 0.010943052358925343, 0.010940550826489925, 0.010952032171189785, 0.010930194519460201, 0.010930593125522137, 0.010938741266727448, 0.010940692387521267, 0.010918442159891129, 0.01094277948141098, 0.01091501209884882, 0.010916179977357388, 0.01091852504760027, 0.010952197946608067, 0.010967262089252472, 0.01100264023989439, 0.011039375327527523, 0.01101474929600954, 0.01097386796027422, 0.010956735350191593, 0.01096020545810461, 0.010945870541036129, 0.010945502668619156, 0.010947301052510738, 0.01094511616975069, 0.010938103310763836, 0.01095480378717184, 0.010963561944663525, 0.01089053601026535, 0.010882865637540817, 0.010877758264541626, 0.010856094770133495, 0.010820090770721436, 0.010858709923923016, 0.010862227529287338, 0.010858179070055485, 0.010827862657606602, 0.010818717069923878, 0.010792698711156845, 0.010832318104803562, 0.010897097177803516, 0.010822649113833904, 0.010768608190119267, 0.010738193988800049, 0.01072253193706274, 0.010708875022828579, 0.010669425129890442, 0.010669977404177189, 0.010668589733541012, 0.010628587566316128, 0.010611814446747303, 0.010578588582575321, 0.010566598735749722, 0.010568186640739441, 0.01057907659560442, 0.01058292668312788, 0.010600551031529903, 0.010604006238281727, 0.010627132840454578, 0.010600497014820576, 0.010589785873889923, 0.010598063468933105, 0.01061679795384407, 0.010652639903128147, 0.01065273117274046, 0.010619036853313446, 0.010603641159832478, 0.010601663030683994, 0.01060113962739706, 0.010602095164358616, 0.010595210827887058, 0.010586566291749477, 0.01057819277048111, 0.010570172220468521, 0.010534114204347134, 0.010544327087700367, 0.010548756457865238, 0.010541173629462719, 0.010545591823756695, 0.010531600564718246, 0.01052080187946558, 0.010531921871006489, 0.01052833441644907, 0.010545876808464527], "_timestamp": 1693354135.0281239, "_runtime": 211.26203274726868, "_step": 0, "_wandb": {"runtime": 209}}