{"Test Accuracy": [0.1892, 0.1834, 0.2866, 0.4287, 0.4075], "Mean Per Epoch": [-0.0009198542102240026, -0.0009316369541920722, -0.0009428865741938353, -0.0009532739059068263, -0.000962769438046962, -0.0009714975021779537, -0.000979433418251574, -0.0009867750341072679, -0.0009938422590494156, -0.0010003853822126985, -0.001006594393402338, -0.0010122974636033177, -0.0010176850482821465, -0.0010227625025436282, -0.001027414808049798, -0.0010318217100575566, -0.0010355383856222034, -0.0010390745010226965, -0.0010423877974972129, -0.0010454354342073202, -0.0010484404629096389, -0.001051675179041922, -0.00105575833003968, -0.0010599251836538315, -0.0010641253320500255, -0.001068073557689786, -0.0010716988472267985, -0.0010752341477200389, -0.0010785595513880253, -0.0010816011345013976, -0.0010843129130080342, -0.001086669391952455, -0.0010887737153097987, -0.0010906032985076308, -0.001092060818336904, -0.0010933290468528867, -0.0010943383676931262, -0.0010951375588774681, -0.0010957671329379082, -0.0010962117230519652, -0.0010966635309159756, -0.0011014865012839437, -0.0011083140270784497, -0.0011150971986353397, -0.0011217506835237145, -0.0011283232597634196, -0.0011346378596499562, -0.0011403535027056932, -0.0011454485356807709, -0.0011497503146529198, -0.0011535434750840068, -0.0011563003063201904, -0.0011593237286433578, -0.001161932130344212, -0.0011646124767139554, -0.0011678728042170405, -0.001171089825220406, -0.0011741801863536239, -0.0011769522679969668, -0.0011794371530413628, -0.0011819208739325404, -0.0011814961908385158, -0.001183303422294557, -0.0011851850431412458, -0.001188671332783997, -0.0011925139697268605, -0.0011964483419433236, -0.00120001588948071, -0.001201386097818613, -0.001200963743031025, -0.0011999687412753701, -0.001196554978378117, -0.0011941235279664397, -0.0011905018473044038, -0.00118502345867455, -0.0011763646034523845, -0.0011727050878107548, -0.0011649596272036433, -0.0011565362801775336, -0.0011521467240527272, -0.001147844479419291, -0.0011472386540845037, -0.0011505758156999946, -0.001154323574155569, -0.0011582531733438373, -0.0011625110637396574, -0.0011668201768770814, -0.0011713294079527259, -0.001175576588138938, -0.0011790497228503227, -0.0011820505606010556, -0.001184384454973042, -0.0011864196276292205, -0.001188176334835589, -0.0011899092933163047, -0.0011918607633560896, -0.0011936565861105919, -0.00119490223005414, -0.0011957946699112654, -0.0011966218007728457], "Std Per Epoch": [0.01100000087171793, 0.011032775975763798, 0.011030320078134537, 0.011061202734708786, 0.011079356074333191, 0.011079035699367523, 0.011080536991357803, 0.011057495139539242, 0.011075682006776333, 0.01105902623385191, 0.011049206368625164, 0.011008639819920063, 0.01102503016591072, 0.010987126268446445, 0.010987895540893078, 0.010993408970534801, 0.011015847325325012, 0.011011644266545773, 0.010996618308126926, 0.010984762571752071, 0.010976109653711319, 0.010939679108560085, 0.010967525653541088, 0.010938097722828388, 0.010946794413030148, 0.010942851193249226, 0.010935530997812748, 0.010900742374360561, 0.010891638696193695, 0.01088719442486763, 0.01091467309743166, 0.010911342687904835, 0.010889549739658833, 0.01089436560869217, 0.010869045741856098, 0.010858669877052307, 0.010841559618711472, 0.010821931064128876, 0.010791734792292118, 0.010802133940160275, 0.01079639047384262, 0.0108107328414917, 0.010782450437545776, 0.010803396813571453, 0.0107925646007061, 0.010797799564898014, 0.010793398134410381, 0.010791177861392498, 0.010805312544107437, 0.010794922709465027, 0.010806395672261715, 0.01079561933875084, 0.010790647007524967, 0.01075796503573656, 0.01077964249998331, 0.010769262909889221, 0.010779132135212421, 0.010785807855427265, 0.010786817409098148, 0.01077089924365282, 0.010769966058433056, 0.01078777015209198, 0.010801509022712708, 0.010798939503729343, 0.010785016231238842, 0.010755203664302826, 0.01073697954416275, 0.010790708474814892, 0.010881949216127396, 0.010836704634130001, 0.010924141854047775, 0.010905228555202484, 0.010897044092416763, 0.011080261319875717, 0.011037166230380535, 0.011052665300667286, 0.010978549718856812, 0.011044521816074848, 0.011048849672079086, 0.010900463908910751, 0.010941318236291409, 0.010904201306402683, 0.010922376997768879, 0.01096643228083849, 0.010891620069742203, 0.010849762707948685, 0.010861196555197239, 0.010854639112949371, 0.010809010826051235, 0.01078445091843605, 0.010787960141897202, 0.010762736201286316, 0.01079630572348833, 0.010802523232996464, 0.010801839642226696, 0.010790267027914524, 0.010802127420902252, 0.01080018375068903, 0.010813123546540737, 0.010824356228113174], "_timestamp": 1693322373.9069986, "_runtime": 214.93619060516357, "_step": 0, "_wandb": {"runtime": 213}}