{"Test Accuracy": [0.1811, 0.2007, 0.2008, 0.2655, 0.2125], "Mean Per Epoch": null, "Std Per Epoch": null, "_timestamp": 1693366951.113869, "_runtime": 117.41582298278809, "_step": 0, "_wandb": {"runtime": 116}}