{"Test Accuracy": [0.1959, 0.2179, 0.2064, 0.2101, 0.1846], "Mean Per Epoch": null, "Std Per Epoch": null, "_timestamp": 1693332632.112236, "_runtime": 118.80769896507263, "_step": 0, "_wandb": {"runtime": 116}}