{"Test Accuracy": [0.213, 0.1887, 0.2054, 0.1928, 0.1915], "Mean Per Epoch": [-0.00027762234094552696, -0.00021030691277701408, 7.146251391532132e-06, 0.0001709600182948634, 0.0002808904682751745, 0.00035582311102189124, 0.00040750904008746147, 0.0004474388260859996, 0.00047876135795377195, 0.0005045149009674788, 0.0005254519637674093, 0.0005433690384961665, 0.000558776140678674, 0.0005723346257582307, 0.000584459921810776, 0.0005955332890152931, 0.0006053898832760751, 0.0006142799975350499, 0.0006225263350643218, 0.0006300295935943723, 0.0006368511822074652, 0.0007803349872119725, 0.0012856200337409973, 0.001521659200079739, 0.0016627131262794137, 0.0017527630552649498, 0.001820482430048287, 0.0018718565115705132, 0.0019124476239085197, 0.0019469786202535033, 0.00197549513541162, 0.002001987537369132, 0.0020238852594047785, 0.0020431289449334145, 0.0020609197672456503, 0.002078340156003833, 0.0020933051127940416, 0.00210697203874588, 0.002120288321748376, 0.0021311475429683924, 0.0021411124616861343, 0.0015771003672853112, 0.001452537253499031, 0.0014802018413320184, 0.0015164590440690517, 0.0015467529883608222, 0.0015709284925833344, 0.0015879347920417786, 0.001604043529368937, 0.0016167048597708344, 0.0016274387016892433, 0.0016365257324650884, 0.0016443351050838828, 0.0016507440013810992, 0.0016559269279241562, 0.0016612674808129668, 0.0016657443484291434, 0.0016697641694918275, 0.0016734650125727057, 0.0016770955407992005, 0.0016797188436612487, 0.0013208668678998947, 0.001247270149178803, 0.001272518653422594, 0.0013506431132555008, 0.001403631060384214, 0.0014404027024284005, 0.0014709560200572014, 0.0014978355029597878, 0.00152024591807276, 0.0015390561893582344, 0.0015553425764665008, 0.0015696902992203832, 0.00158214895054698, 0.001593397930264473, 0.0016026970697566867, 0.0016107596457004547, 0.0016184434061869979, 0.0016252639470621943, 0.001631430466659367, 0.0016367024509236217, 0.0012022658484056592, 0.0013442543568089604, 0.0014866256387904286, 0.0015807856107130647, 0.0016336357221007347, 0.001673137303441763, 0.0017037047073245049, 0.0017279786989092827, 0.0017470639431849122, 0.0017634360119700432, 0.0017781533533707261, 0.001789489178918302, 0.0017998237162828445, 0.0018098284490406513, 0.00181781395804137, 0.00182513112667948, 0.0018319165101274848, 0.0018376471707597375, 0.0018429845804348588], "Std Per Epoch": [0.009999998845160007, 0.010030985809862614, 0.010022859089076519, 0.010015175677835941, 0.010020284913480282, 0.010016058571636677, 0.010018500499427319, 0.010016334243118763, 0.010017023421823978, 0.010015888139605522, 0.010014058090746403, 0.010014097206294537, 0.010013794526457787, 0.010013551451265812, 0.010013584047555923, 0.010012757033109665, 0.010012079030275345, 0.010011270642280579, 0.010010817088186741, 0.010010496713221073, 0.010010280646383762, 0.010052166879177094, 0.010066980496048927, 0.010080816224217415, 0.010074077174067497, 0.010074037127196789, 0.01007040124386549, 0.010072586126625538, 0.010070950724184513, 0.010070346295833588, 0.010068134404718876, 0.010068792849779129, 0.01006922498345375, 0.01007054839283228, 0.01007151696830988, 0.010073448531329632, 0.0100730424746871, 0.010073340497910976, 0.010071751661598682, 0.010070792399346828, 0.010070283897221088, 0.010052398778498173, 0.010084389708936214, 0.010096102952957153, 0.010096411220729351, 0.010096661746501923, 0.010096090845763683, 0.01009420771151781, 0.010094805620610714, 0.010093643330037594, 0.010092961601912975, 0.01009299699217081, 0.010092056356370449, 0.010091284289956093, 0.010090126655995846, 0.0100901760160923, 0.01009012758731842, 0.010089786723256111, 0.010089828632771969, 0.010088421404361725, 0.010088380426168442, 0.010091637261211872, 0.010064098984003067, 0.01009438931941986, 0.010104148648679256, 0.010098042897880077, 0.010099981911480427, 0.010103127919137478, 0.010104716755449772, 0.010103283450007439, 0.01010128203779459, 0.0101006543263793, 0.01009941753000021, 0.010099373757839203, 0.010099188424646854, 0.01009640097618103, 0.010096629150211811, 0.010095017962157726, 0.010097318328917027, 0.01009777095168829, 0.010096929036080837, 0.010100762359797955, 0.010141476057469845, 0.010116630233824253, 0.010112172923982143, 0.010107584297657013, 0.010107168927788734, 0.010108386166393757, 0.01010558195412159, 0.010104626417160034, 0.010106069035828114, 0.010103208012878895, 0.01010217983275652, 0.01010194979608059, 0.01010178867727518, 0.010101095773279667, 0.010100499726831913, 0.010098695755004883, 0.010097487829625607, 0.010097263380885124], "_timestamp": 1693335841.5327015, "_runtime": 205.76054859161377, "_step": 0, "_wandb": {"runtime": 204}}