{"Test Accuracy": [0.1902, 0.1971, 0.1763, 0.1944, 0.2111], "Mean Per Epoch": [-0.0016619972884654999, -0.0016581729287281632, -0.001589257619343698, -0.0015173573046922684, -0.00146943936124444, -0.0014326524687930942, -0.0014047864824533463, -0.0013814984122291207, -0.0013613756746053696, -0.0013432777486741543, -0.0013267933391034603, -0.0013115247711539268, -0.0012973404955118895, -0.001284277648665011, -0.0012726777931675315, -0.0012620302150025964, -0.0012526283971965313, -0.0012438135454431176, -0.0012360269902274013, -0.0012292274041101336, -0.0012231521541252732, -0.0014005951816216111, -0.0013199251843616366, -0.0011561412829905748, -0.0010320713045075536, -0.0009480663575232029, -0.000886960478965193, -0.000837937870528549, -0.0007983942632563412, -0.0007670361083000898, -0.0007397271692752838, -0.000716479669790715, -0.0006963521591387689, -0.0006789321196265519, -0.0006637006881646812, -0.0006498338771052659, -0.0006378197576850653, -0.0006265363772399724, -0.0006165171507745981, -0.0006069482187740505, -0.0005986415199004114, -0.0008963476866483688, -0.0007785712368786335, -0.0006668928544968367, -0.0006061423919163644, -0.0005567754851654172, -0.0005167435738258064, -0.00048759920173324645, -0.0004633182834368199, -0.00044341073953546584, -0.00042797482456080616, -0.00041350198443979025, -0.0004017221217509359, -0.0003906340280082077, -0.0003809959162026644, -0.00037181240622885525, -0.00036384412669576705, -0.00035617678076960146, -0.0003504016494844109, -0.0003441298904363066, -0.00033813726622611284, -0.0006301398389041424, -0.0006682756938971579, -0.0006006208132021129, -0.0005349717102944851, -0.00048769195564091206, -0.0004511156294029206, -0.00042368037975393236, -0.0004015747981611639, -0.00038316016434691846, -0.00036804573028348386, -0.00035478128120303154, -0.00034355861134827137, -0.0003336544323246926, -0.0003245757834520191, -0.00031651591416448355, -0.00030917461845092475, -0.000302753847790882, -0.0002968118933495134, -0.0002913457283284515, -0.0002864018315449357, -0.0005831508315168321, -0.0005612008390016854, -0.00043493686825968325, -0.0003493472468107939, -0.0002908057358581573, -0.0002498628164175898, -0.0002190821833210066, -0.0001947504497366026, -0.00017478172958362848, -0.00015786608855705708, -0.00014325130905490369, -0.00013065342500340194, -0.00011936683586100116, -0.00010924184607574716, -0.00010018423199653625, -9.195339953294024e-05, -8.440312376478687e-05, -7.749663200229406e-05, -7.094955071806908e-05], "Std Per Epoch": [0.009999998845160007, 0.009990628808736801, 0.009976684115827084, 0.009974614717066288, 0.00997727457433939, 0.009972031228244305, 0.009973465465009212, 0.009971424005925655, 0.009969223290681839, 0.009968863800168037, 0.009967443533241749, 0.009967070072889328, 0.00996674969792366, 0.009965384379029274, 0.009963768534362316, 0.009962255135178566, 0.009962931275367737, 0.009963002987205982, 0.009961974807083607, 0.00995973777025938, 0.009958918206393719, 0.009973571635782719, 0.00997854582965374, 0.009981300681829453, 0.009977620095014572, 0.009979858063161373, 0.009982909075915813, 0.009985539130866528, 0.009984600357711315, 0.009984027594327927, 0.00998501293361187, 0.009985786862671375, 0.009984067641198635, 0.009982303716242313, 0.009982009418308735, 0.009981243871152401, 0.00998182874172926, 0.00998186320066452, 0.009979805909097195, 0.00997939147055149, 0.009978783316910267, 0.00995721947401762, 0.009961902163922787, 0.009937210939824581, 0.009938252158463001, 0.009943031705915928, 0.009941701777279377, 0.009939758107066154, 0.009939195588231087, 0.00993642583489418, 0.009932826273143291, 0.00993046909570694, 0.009929558262228966, 0.00993077177554369, 0.009932835586369038, 0.00993011612445116, 0.009929964318871498, 0.009929914958775043, 0.009927621111273766, 0.009926588274538517, 0.009925938211381435, 0.009917551651597023, 0.009891732595860958, 0.009888025932013988, 0.009889485314488411, 0.009890473447740078, 0.00988555047661066, 0.009885071776807308, 0.009883523918688297, 0.009882405400276184, 0.009881716221570969, 0.009881238453090191, 0.009881359525024891, 0.009882229380309582, 0.0098818214610219, 0.009880962781608105, 0.009880824945867062, 0.009880762547254562, 0.009880243800580502, 0.009880173951387405, 0.009880227036774158, 0.009847058914601803, 0.00984351709485054, 0.009839960373938084, 0.0098423408344388, 0.009842920117080212, 0.009843655861914158, 0.009843735955655575, 0.009842964820563793, 0.00984276831150055, 0.009843130595982075, 0.00984247401356697, 0.009841502644121647, 0.009840658865869045, 0.00984068214893341, 0.009840595535933971, 0.00984037946909666, 0.009840011596679688, 0.0098396185785532, 0.009839306585490704], "_timestamp": 1693362230.5225763, "_runtime": 204.52463841438293, "_step": 0, "_wandb": {"runtime": 203}}