{"Test Accuracy": [0.1782, 0.1967, 0.1995, 0.2112, 0.1901], "Mean Per Epoch": [-0.0041287485510110855, -0.004086113069206476, -0.003902605501934886, -0.0036611256655305624, -0.0034523960202932358, -0.00332012795843184, -0.0032404549419879913, -0.0031836589332669973, -0.0031361111905425787, -0.0030943071469664574, -0.0030589941889047623, -0.0030296777840703726, -0.0030048731714487076, -0.002983900485560298, -0.0029650460928678513, -0.002947513246908784, -0.0029320421162992716, -0.002918233862146735, -0.0029055459890514612, -0.0028943016659468412, -0.002884434536099434, -0.0031728867907077074, -0.003162710927426815, -0.003081267001107335, -0.0030157531145960093, -0.0029683930333703756, -0.002933645388111472, -0.002906816778704524, -0.0028853509575128555, -0.0028675172943621874, -0.0028531893622130156, -0.002840772969648242, -0.002829740522429347, -0.0028203625697642565, -0.0028119971975684166, -0.0028046220541000366, -0.002798052504658699, -0.002791971666738391, -0.002786282217130065, -0.002781052142381668, -0.0027763135731220245, -0.0032319407910108566, -0.0032250499352812767, -0.003128388896584511, -0.00296543980948627, -0.0028639512602239847, -0.002797974506393075, -0.0027475273236632347, -0.002706362633034587, -0.00267327600158751, -0.0026459216605871916, -0.002622914267703891, -0.002603281755000353, -0.0025851603131741285, -0.0025701799895614386, -0.0025560613721609116, -0.0025437672156840563, -0.002532134996727109, -0.002521971706300974, -0.002512970007956028, -0.0025044414214789867, -0.0030711612198501825, -0.0032899947836995125, -0.0033462520223110914, -0.0033336703199893236, -0.003316204296424985, -0.0033003154676407576, -0.0032854091841727495, -0.0032729236409068108, -0.0032622860744595528, -0.0032535139471292496, -0.0032460021320730448, -0.003239241661503911, -0.0032331999391317368, -0.00322771817445755, -0.003222832689061761, -0.0032183669973164797, -0.0032140736002475023, -0.0032103003468364477, -0.0032067394349724054, -0.0032035009935498238, -0.0035627137403935194, -0.003679888090118766, -0.00367346522398293, -0.003648619167506695, -0.003631728934124112, -0.0036174750421196222, -0.003606286831200123, -0.0035975247155874968, -0.00359020265750587, -0.0035838510375469923, -0.003578868927434087, -0.0035745578352361917, -0.003570936620235443, -0.0035678718704730272, -0.0035647647455334663, -0.003562117926776409, -0.003559546545147896, -0.0035576054360717535, -0.0035555504728108644], "Std Per Epoch": [0.009999998845160007, 0.010014061816036701, 0.010042739100754261, 0.010042720474302769, 0.010051394812762737, 0.010037419386208057, 0.010024301707744598, 0.010023871436715126, 0.010027199052274227, 0.010025709867477417, 0.010023212991654873, 0.010022226721048355, 0.01001892052590847, 0.010017933323979378, 0.010018344037234783, 0.010016366839408875, 0.010013836435973644, 0.010013142600655556, 0.010009990073740482, 0.0100100664421916, 0.010010410100221634, 0.010013265535235405, 0.010013018734753132, 0.009992868639528751, 0.00999015849083662, 0.009990795515477657, 0.009993557818233967, 0.00999172031879425, 0.00999405886977911, 0.00999345351010561, 0.009992781095206738, 0.009992125444114208, 0.009991615079343319, 0.009991922415792942, 0.009991360828280449, 0.009990628808736801, 0.009990081191062927, 0.009990163147449493, 0.009990337304770947, 0.00998979527503252, 0.009989307262003422, 0.009992679581046104, 0.01000670250505209, 0.0100064966827631, 0.010014702565968037, 0.009996303357183933, 0.009998677298426628, 0.009999160654842854, 0.00999977346509695, 0.010000423528254032, 0.009999326430261135, 0.009997871704399586, 0.009998961351811886, 0.009999816305935383, 0.009999685920774937, 0.009997921995818615, 0.00999853853136301, 0.009997486136853695, 0.009997689165174961, 0.00999689381569624, 0.009997818619012833, 0.009950411505997181, 0.009944286197423935, 0.009954039007425308, 0.009955235756933689, 0.009958436712622643, 0.009958554990589619, 0.009959058836102486, 0.009959650225937366, 0.009958945214748383, 0.009958113543689251, 0.0099583575502038, 0.00995806884020567, 0.009957796894013882, 0.009957694448530674, 0.009957633912563324, 0.009957277216017246, 0.009956919588148594, 0.009956835769116879, 0.009956718422472477, 0.009956973604857922, 0.00994244683533907, 0.009926662780344486, 0.009937898255884647, 0.009932202287018299, 0.009930387139320374, 0.009932704269886017, 0.009932423941791058, 0.009932312183082104, 0.009931386448442936, 0.00993066094815731, 0.009930702857673168, 0.00993084441870451, 0.009931698441505432, 0.009931770153343678, 0.009932311251759529, 0.009932894259691238, 0.009932938031852245, 0.009933417662978172, 0.009932778775691986], "_timestamp": 1693366592.674665, "_runtime": 202.67437887191772, "_step": 0, "_wandb": {"runtime": 201}}