{"Test Accuracy": [0.1979, 0.1984, 0.1817, 0.199, 0.2214], "Mean Per Epoch": null, "Std Per Epoch": null, "_timestamp": 1693350918.3883529, "_runtime": 117.9026529788971, "_step": 0, "_wandb": {"runtime": 116}}