{"Test Accuracy": [0.1972, 0.2149, 0.2155, 0.1839, 0.2115], "Mean Per Epoch": null, "Std Per Epoch": null, "_timestamp": 1693374862.932562, "_runtime": 117.31842303276062, "_step": 0, "_wandb": {"runtime": 115}}