{"Test Accuracy": [0.1966, 0.199, 0.2083, 0.2365, 0.1762], "Mean Per Epoch": [0.00146000599488616, 0.0016331764636561275, 0.0018307570135220885, 0.00197425065562129, 0.0020727848168462515, 0.002142783720046282, 0.0021978269796818495, 0.002240329049527645, 0.0022739428095519543, 0.0023025469854474068, 0.0023268747609108686, 0.0023477906361222267, 0.002365918131545186, 0.0023827580735087395, 0.0023968657478690147, 0.002410175511613488, 0.0024218575563281775, 0.00243299244903028, 0.002442949218675494, 0.0024521525483578444, 0.0024611596018075943, 0.0020670185331255198, 0.002106302184984088, 0.00218390510417521, 0.00227635377086699, 0.0023370853159576654, 0.002382089151069522, 0.0024189134128391743, 0.002448340179398656, 0.0024727920535951853, 0.002493517240509391, 0.00251108780503273, 0.002526809461414814, 0.002540675923228264, 0.0025533423759043217, 0.0025649694725871086, 0.002575016813352704, 0.0025846248026937246, 0.002592856762930751, 0.0026003906968981028, 0.0026075614150613546, 0.002118445001542568, 0.0020088038872927427, 0.0020198477432131767, 0.0020435182377696037, 0.0020620415452867746, 0.0020765294320881367, 0.0020907979924231768, 0.0021011268254369497, 0.002112861955538392, 0.0021225162781774998, 0.002129246713593602, 0.0021360479295253754, 0.0021416952367872, 0.0021466121543198824, 0.0021507388446480036, 0.00215433188714087, 0.0021584692876785994, 0.0021615077275782824, 0.0021641950588673353, 0.0021664577070623636, 0.001930505153723061, 0.00205355160869658, 0.002156143309548497, 0.0022464836947619915, 0.002310812706127763, 0.0023562246933579445, 0.0023913702461868525, 0.002419369062408805, 0.00244240858592093, 0.002461835974827409, 0.0024782936088740826, 0.0024925312027335167, 0.0025051224511116743, 0.002516241045668721, 0.0025262509007006884, 0.002535345498472452, 0.002543664537370205, 0.0025511786807328463, 0.002558160573244095, 0.002564632333815098, 0.0021289989817887545, 0.002156672067940235, 0.0021988581866025925, 0.002218367764726281, 0.0022288637701421976, 0.002234382787719369, 0.002236389322206378, 0.0022402044851332903, 0.002241865498945117, 0.00224341731518507, 0.0022444725036621094, 0.0022429688833653927, 0.002243646653369069, 0.002243977040052414, 0.0022434319835156202, 0.002243929775431752, 0.002242287853732705, 0.0022418980952352285, 0.002240449655801058], "Std Per Epoch": [0.009999998845160007, 0.01003104168921709, 0.010039185173809528, 0.010048629716038704, 0.010054189711809158, 0.010058126412332058, 0.010060292668640614, 0.010055474005639553, 0.010056006722152233, 0.010056774131953716, 0.01005838718265295, 0.010056429542601109, 0.010056628845632076, 0.01005555409938097, 0.010054796002805233, 0.010054335929453373, 0.010054334066808224, 0.010054289363324642, 0.010054410435259342, 0.0100537845864892, 0.01005189586430788, 0.010085889138281345, 0.01008977834135294, 0.010095130652189255, 0.010101906023919582, 0.010099259205162525, 0.010102227330207825, 0.010101969353854656, 0.010098397731781006, 0.010097864083945751, 0.010098845697939396, 0.01009904034435749, 0.010100316256284714, 0.010103359818458557, 0.010102340020239353, 0.010100477375090122, 0.01009982917457819, 0.01009929645806551, 0.01009916141629219, 0.010097693651914597, 0.010098536498844624, 0.010085931047797203, 0.010085931979119778, 0.010086963884532452, 0.010081549175083637, 0.010075373575091362, 0.010076656006276608, 0.010074986144900322, 0.010071661323308945, 0.010070692747831345, 0.010069123469293118, 0.010067817755043507, 0.010066735558211803, 0.010064958594739437, 0.010064841248095036, 0.010064476169645786, 0.01006275787949562, 0.010062821209430695, 0.01006337907165289, 0.010062123648822308, 0.01006077416241169, 0.010081126354634762, 0.010062302462756634, 0.010060924105346203, 0.010066271759569645, 0.010063529945909977, 0.010062169283628464, 0.010061397217214108, 0.010061215609312057, 0.010061749257147312, 0.010060750879347324, 0.010060221888124943, 0.010058936662971973, 0.010058692656457424, 0.010058568790555, 0.010057993233203888, 0.010058404877781868, 0.010058635845780373, 0.010058136656880379, 0.01005804818123579, 0.010058398358523846, 0.010066629387438297, 0.010058102197945118, 0.010045060887932777, 0.010040649212896824, 0.010039151646196842, 0.010036461986601353, 0.010036526247859001, 0.010034128092229366, 0.010033258236944675, 0.010030404664576054, 0.01002893503755331, 0.010025757364928722, 0.01002485305070877, 0.010023464448750019, 0.010026583448052406, 0.010024921037256718, 0.010022265836596489, 0.01002159807831049, 0.010021229274570942], "_timestamp": 1693385054.9641836, "_runtime": 203.88329648971558, "_step": 0, "_wandb": {"runtime": 202}}