{"Test Accuracy": [0.1694, 0.2101, 0.2548, 0.2478, 0.3281], "Mean Per Epoch": [-0.0016619972884654999, -0.0016749026253819466, -0.001687271404080093, -0.001699033542536199, -0.0017104428261518478, -0.0017212446546182036, -0.0017314684810116887, -0.0017415117472410202, -0.0017510795732960105, -0.001760309562087059, -0.0017690286040306091, -0.001777402125298977, -0.0017851603915914893, -0.0017925516003742814, -0.0017997268587350845, -0.0018065416952595115, -0.0018129443051293492, -0.001818812103010714, -0.0018243264639750123, -0.0018293411703780293, -0.0018343161791563034, -0.0018390292534604669, -0.0018447217298671603, -0.0018494618125259876, -0.0018539385637268424, -0.0018583042547106743, -0.0018619972979649901, -0.0018646814860403538, -0.001866541220806539, -0.0018682664958760142, -0.0018696527695283294, -0.0018694698810577393, -0.0018685292452573776, -0.001866737031377852, -0.0018663248047232628, -0.0018661272479221225, -0.0018655479652807117, -0.0018634521402418613, -0.0018621288472786546, -0.001859191688708961, -0.001855915761552751, -0.0018578870221972466, -0.001862575183622539, -0.0018680101493373513, -0.0018736105412244797, -0.0018786992877721786, -0.0018830591579899192, -0.0018874440575018525, -0.0018913893727585673, -0.0018945712363347411, -0.0018974727718159556, -0.0019001051550731063, -0.0019026364898309112, -0.0019053813302889466, -0.0019077580654993653, -0.001909542828798294, -0.0019111335277557373, -0.0019119828939437866, -0.0019118948839604855, -0.0019112523877993226, -0.001910033985041082, -0.0019132085144519806, -0.0019199223024770617, -0.001926514902152121, -0.0019327079644426703, -0.0019383812323212624, -0.001943334355019033, -0.0019479341572150588, -0.0019523253431543708, -0.0019559452775865793, -0.00195909570902586, -0.001961139030754566, -0.001963268266990781, -0.001965842442587018, -0.0019676683004945517, -0.001969070639461279, -0.0019697726238518953, -0.0019699300173670053, -0.0019699260592460632, -0.001970035955309868, -0.001969699515029788, -0.001969416392967105, -0.0019720722921192646, -0.001974451821297407, -0.0019762569572776556, -0.0019774024840444326, -0.0019785023760050535, -0.0019793857354670763, -0.0019803671166300774, -0.0019812630489468575, -0.001981556648388505, -0.001982034184038639, -0.001982520567253232, -0.001982942456379533, -0.00198336411267519, -0.0019838863518089056, -0.0019841718021780252, -0.0019840586464852095, -0.0019836851861327887, -0.001983240945264697], "Std Per Epoch": [0.01100000087171793, 0.010988455265760422, 0.0109628951177001, 0.010951298289000988, 0.010969355702400208, 0.010938075371086597, 0.01095645409077406, 0.010950978845357895, 0.010938589461147785, 0.010936486534774303, 0.010900772176682949, 0.010924854315817356, 0.010941624641418457, 0.010902765206992626, 0.010886994190514088, 0.01089349016547203, 0.01090313121676445, 0.010898157954216003, 0.010875210165977478, 0.010853513143956661, 0.010835818015038967, 0.010837840847671032, 0.010845884680747986, 0.01086534932255745, 0.010848012752830982, 0.010869912803173065, 0.010922634042799473, 0.010973728261888027, 0.01097681000828743, 0.010982900857925415, 0.010977846570312977, 0.011081762611865997, 0.01114021148532629, 0.011045515537261963, 0.01101387944072485, 0.010997273959219456, 0.011033241637051105, 0.011065945960581303, 0.011069332249462605, 0.011140380054712296, 0.011101734824478626, 0.011072988621890545, 0.011079855263233185, 0.011022180318832397, 0.011021052487194538, 0.01103478204458952, 0.011022287420928478, 0.011012353003025055, 0.010994814336299896, 0.010989118367433548, 0.010998383164405823, 0.010976701974868774, 0.010989859700202942, 0.010976575314998627, 0.01100832223892212, 0.010987196117639542, 0.01102439220994711, 0.011038382537662983, 0.011034729890525341, 0.011068957857787609, 0.011045154184103012, 0.0110384626314044, 0.010980802588164806, 0.010956592857837677, 0.010956306010484695, 0.010965577326714993, 0.01091893669217825, 0.010914530605077744, 0.010920566506683826, 0.010913209058344364, 0.010928166098892689, 0.010942266322672367, 0.01092646922916174, 0.010923418216407299, 0.010958177037537098, 0.010917038656771183, 0.010927545838057995, 0.010961166583001614, 0.010948121547698975, 0.010950625874102116, 0.010951555334031582, 0.010934818536043167, 0.010923595167696476, 0.010904070921242237, 0.01093872357159853, 0.010946408845484257, 0.010977890342473984, 0.010975624434649944, 0.010964480228722095, 0.01097126305103302, 0.01097636204212904, 0.010951761156320572, 0.010931325145065784, 0.010892782360315323, 0.010920948348939419, 0.01091470941901207, 0.010904178023338318, 0.01089231576770544, 0.010849746875464916, 0.010840206407010555], "_timestamp": 1693362022.7107155, "_runtime": 211.48448252677917, "_step": 0, "_wandb": {"runtime": 210}}