{"Test Accuracy": [0.189, 0.1984, 0.2134, 0.1977, 0.2246], "Mean Per Epoch": null, "Std Per Epoch": null, "_timestamp": 1693359183.332368, "_runtime": 127.1418399810791, "_step": 0, "_wandb": {"runtime": 125}}