{"Test Accuracy": [0.1831, 0.2443, 0.3028, 0.272, 0.3898], "Mean Per Epoch": [0.0002720499178394675, 0.0002609200601000339, 0.0002504503063391894, 0.00024079477589111775, 0.00023175215756054968, 0.00022331082436721772, 0.00021530695084948093, 0.0002079998521367088, 0.00020256248535588384, 0.00019860304018948227, 0.00019406450155656785, 0.00019023114873562008, 0.0001868543477030471, 0.00018499615543987602, 0.0001824566425057128, 0.00018025598546955734, 0.00017871566524263471, 0.00017699621093925089, 0.0001755485573085025, 0.0001744907785905525, 0.0001731733063934371, 0.0001665648160269484, 0.00015777751104906201, 0.00014936663501430303, 0.0001420304470229894, 0.00013513998419512063, 0.00012845707533415407, 0.00012183939543319866, 0.00011563470616238192, 0.00010961098450934514, 0.00010392611875431612, 9.890719229588285e-05, 9.414675878360868e-05, 8.983572479337454e-05, 8.560653077438474e-05, 8.125168096739799e-05, 7.713456579949707e-05, 7.318293501157314e-05, 6.948842928977683e-05, 6.599164771614596e-05, 6.248921999940649e-05, 6.019347711117007e-05, 5.610435255221091e-05, 5.113669249112718e-05, 4.638355676434003e-05, 4.126641943003051e-05, 3.626556645031087e-05, 3.186203321092762e-05, 2.7621083063422702e-05, 2.3476939531974494e-05, 1.9532604710548185e-05, 1.5674822861910798e-05, 1.1182351045135874e-05, 7.102995823515812e-06, 3.3037238154065562e-06, -6.730576274094346e-07, -3.846672825602582e-06, -7.147049473132938e-06, -1.016943406284554e-05, -1.3020157894061413e-05, -1.5915049516479485e-05, -1.9650526155601256e-05, -2.539341767260339e-05, -3.061047391383909e-05, -3.6021523555973545e-05, -4.1557297663530335e-05, -4.714670285466127e-05, -5.243777923169546e-05, -5.742122812080197e-05, -6.1841266870033e-05, -6.600347842322662e-05, -7.014323637122288e-05, -7.343521428992972e-05, -7.641329284524545e-05, -7.939743954921141e-05, -8.189184154616669e-05, -8.409623842453584e-05, -8.619490108685568e-05, -8.809776045382023e-05, -8.961211278801784e-05, -9.086375939659774e-05, -8.709415124030784e-05, -8.351045107701793e-05, -8.236482972279191e-05, -8.413337491219863e-05, -8.638465078547597e-05, -8.922738925321028e-05, -9.157043677987531e-05, -9.339162352262065e-05, -9.450829384149984e-05, -9.552954725222662e-05, -9.541285544401035e-05, -9.499303996562958e-05, -9.586867963662371e-05, -9.579351171851158e-05, -9.39196688705124e-05, -8.713803981663659e-05, -8.42293884488754e-05, -8.26303512440063e-05, -8.116795652313158e-05], "Std Per Epoch": [0.01100000087171793, 0.010983888059854507, 0.01101443637162447, 0.011056830175220966, 0.011019556783139706, 0.011016879230737686, 0.011029134504497051, 0.011066999286413193, 0.011185772716999054, 0.011143278330564499, 0.011120747774839401, 0.011095874942839146, 0.011152873747050762, 0.011135023087263107, 0.011126253753900528, 0.011118411086499691, 0.011128071695566177, 0.011080507189035416, 0.01109025627374649, 0.011089547537267208, 0.011072560213506222, 0.011063818819820881, 0.011064879596233368, 0.011088036932051182, 0.011071804910898209, 0.011047021485865116, 0.01101589109748602, 0.010999740101397038, 0.011006403714418411, 0.011021710932254791, 0.011031008325517178, 0.011066563427448273, 0.01108469720929861, 0.011024809442460537, 0.011038915254175663, 0.011025089770555496, 0.011016965843737125, 0.011018600314855576, 0.01100920606404543, 0.011013340204954147, 0.010991300456225872, 0.011011447757482529, 0.010965314693748951, 0.010985049419105053, 0.010983075946569443, 0.010900461114943027, 0.010902415961027145, 0.010947798378765583, 0.01096427720040083, 0.010969175957143307, 0.01097292359918356, 0.010984166525304317, 0.011008456349372864, 0.010995582677423954, 0.011033713817596436, 0.011019433848559856, 0.011011823080480099, 0.010965620167553425, 0.01097050216048956, 0.010948233306407928, 0.010939567349851131, 0.010967441834509373, 0.010994523763656616, 0.0109981968998909, 0.010988636873662472, 0.010962818749248981, 0.010959789156913757, 0.01097090169787407, 0.010955918580293655, 0.010950744152069092, 0.010948444716632366, 0.010979626327753067, 0.010959879495203495, 0.0109507255256176, 0.010981351137161255, 0.011000470258295536, 0.011012000031769276, 0.010983854532241821, 0.010980789549648762, 0.011003228835761547, 0.011037868447601795, 0.011080406606197357, 0.01114962249994278, 0.011071265675127506, 0.011047828011214733, 0.011075202375650406, 0.011107987724244595, 0.011160094290971756, 0.011194118298590183, 0.01127599086612463, 0.01131067518144846, 0.011254032142460346, 0.011243042536079884, 0.01127332728356123, 0.011289205402135849, 0.011547092348337173, 0.011331185698509216, 0.011277495883405209, 0.011331127025187016, 0.011221791617572308], "_timestamp": 1693388400.7849371, "_runtime": 212.1142520904541, "_step": 0, "_wandb": {"runtime": 210}}