{"Test Accuracy": [0.1844, 0.2314, 0.2024, 0.2002, 0.2594], "Mean Per Epoch": null, "Std Per Epoch": null, "_timestamp": 1693377495.2032661, "_runtime": 117.29633903503418, "_step": 0, "_wandb": {"runtime": 115}}