{"Test Accuracy": [0.1379, 0.1351, 0.1375, 0.141, 0.1401], "Mean Per Epoch": null, "Std Per Epoch": null, "_timestamp": 1693350365.7184672, "_runtime": 1296.0409293174744, "_step": 0, "_wandb": {"runtime": 1294}}