{"Test Accuracy": [0.1095, 0.1062, 0.108, 0.1075, 0.1022], "Mean Per Epoch": null, "Std Per Epoch": null, "_timestamp": 1693347723.1497717, "_runtime": 1301.6664147377014, "_step": 0, "_wandb": {"runtime": 1300}}