{"Test Accuracy": [0.1869, 0.1966, 0.1946, 0.1875, 0.2082], "Mean Per Epoch": [0.0034148290287703276, 0.0033759158104658127, 0.003391699865460396, 0.003467251779511571, 0.0035480037331581116, 0.003619939088821411, 0.0036753444001078606, 0.0037187859416007996, 0.0037534090224653482, 0.003782146843150258, 0.0038061460945755243, 0.003826875938102603, 0.0038448672275990248, 0.0038602661807090044, 0.003873950568959117, 0.0038860784843564034, 0.003896973328664899, 0.003906764090061188, 0.0039158049039542675, 0.003924107179045677, 0.00393200246617198, 0.0037996231112629175, 0.004033446311950684, 0.004181793425232172, 0.004280649125576019, 0.0043516759760677814, 0.004404240753501654, 0.0044449190609157085, 0.004482561256736517, 0.004512795712798834, 0.004539273679256439, 0.004560642875730991, 0.004580917302519083, 0.004600010346621275, 0.004615903366357088, 0.004630285780876875, 0.004644429311156273, 0.004653914365917444, 0.004667567554861307, 0.004677170421928167, 0.0046857865527272224, 0.004032639320939779, 0.0037625301629304886, 0.003632931737229228, 0.003588380990549922, 0.0035719473380595446, 0.003563476027920842, 0.003558766096830368, 0.0035562345292419195, 0.003553116926923394, 0.00355151086114347, 0.003549995832145214, 0.0035491902381181717, 0.0035484929103404284, 0.003547106636688113, 0.003545754821971059, 0.003544562729075551, 0.003543756902217865, 0.0035426963586360216, 0.0035406930837780237, 0.003539225785061717, 0.003137284656986594, 0.003038497408851981, 0.0030666133388876915, 0.003115329658612609, 0.003151852637529373, 0.003184863366186619, 0.003217606106773019, 0.0032426530960947275, 0.0032735324930399656, 0.0032978570088744164, 0.0033172210678458214, 0.0033333187457174063, 0.003350106766447425, 0.0033697783946990967, 0.0033770303707569838, 0.0033917613327503204, 0.0034080613404512405, 0.0034176406916230917, 0.0034290903713554144, 0.0034400366712361574, 0.0029687248170375824, 0.0026870202273130417, 0.0025896530132740736, 0.0025882588233798742, 0.0025983380619436502, 0.002608769340440631, 0.0026183517184108496, 0.002626487985253334, 0.002633629599586129, 0.002639586105942726, 0.0026447244454175234, 0.0026494257617741823, 0.002653371775522828, 0.0026571538764983416, 0.002660449594259262, 0.0026635779067873955, 0.0026663460303097963, 0.002669028239324689, 0.002671400085091591], "Std Per Epoch": [0.009999998845160007, 0.009984598495066166, 0.009992704726755619, 0.010002639144659042, 0.010009681805968285, 0.010011296719312668, 0.010012362152338028, 0.01001157145947218, 0.01000901684165001, 0.010008399374783039, 0.010007651522755623, 0.010007232427597046, 0.010005345568060875, 0.010004331357777119, 0.01000302191823721, 0.01000250969082117, 0.010001158341765404, 0.010000086389482021, 0.010001377202570438, 0.010001566261053085, 0.010002403520047665, 0.010001066140830517, 0.010030721314251423, 0.010026330128312111, 0.01002541184425354, 0.010020757094025612, 0.010019192472100258, 0.010016695596277714, 0.010017207823693752, 0.010017217136919498, 0.010014538653194904, 0.010015093721449375, 0.010017612017691135, 0.010017353110015392, 0.010015289299190044, 0.010015211068093777, 0.010014264844357967, 0.010012103244662285, 0.010011998005211353, 0.010011269710958004, 0.010010501369833946, 0.010071286000311375, 0.010094359517097473, 0.010105927474796772, 0.010099758394062519, 0.010101179592311382, 0.010095975361764431, 0.010094860568642616, 0.010094422847032547, 0.010091869160532951, 0.010090638883411884, 0.010091210715472698, 0.010091413743793964, 0.010090148076415062, 0.010089666582643986, 0.010089556686580181, 0.01008967962116003, 0.010088768787682056, 0.010087828151881695, 0.010087459348142147, 0.010087959468364716, 0.010050239972770214, 0.0100709842517972, 0.010050848126411438, 0.01005236990749836, 0.010055829770863056, 0.010055008344352245, 0.010055306367576122, 0.010054335929453373, 0.010050837881863117, 0.01004703063517809, 0.010047044605016708, 0.010045424103736877, 0.010041531175374985, 0.010039309039711952, 0.010038862936198711, 0.010037913918495178, 0.010040252469480038, 0.010039842687547207, 0.010037648491561413, 0.010036176070570946, 0.010009031742811203, 0.010002700611948967, 0.009994183667004108, 0.009997469373047352, 0.009995951317250729, 0.00999204907566309, 0.009991842322051525, 0.009991253726184368, 0.009990561753511429, 0.00998915359377861, 0.009987964294850826, 0.009988449513912201, 0.009988431818783283, 0.009988508187234402, 0.009988321922719479, 0.009988623671233654, 0.009988215751945972, 0.00998778361827135, 0.009987830184400082], "_timestamp": 1693380698.474334, "_runtime": 205.45183897018433, "_step": 0, "_wandb": {"runtime": 204}}