{"Test Accuracy": [0.1994, 0.1986, 0.1959, 0.202, 0.1967], "Mean Per Epoch": null, "Std Per Epoch": null, "_timestamp": 1693329860.5881534, "_runtime": 110.41236233711243, "_step": 0, "_wandb": {"runtime": 109}}