{"Test Accuracy": [0.1982, 0.1892, 0.1939, 0.2085, 0.1992], "Mean Per Epoch": null, "Std Per Epoch": null, "_timestamp": 1693324561.0625231, "_runtime": 110.87839221954346, "_step": 0, "_wandb": {"runtime": 109}}