{"Test Accuracy": [0.1056, 0.1034, 0.1035, 0.1036, 0.1016], "Mean Per Epoch": null, "Std Per Epoch": null, "_timestamp": 1693395215.2440307, "_runtime": 1298.0446577072144, "_step": 0, "_wandb": {"runtime": 1296}}