{"Test Accuracy": [0.2082, 0.1906, 0.1974, 0.1982, 0.1959], "Mean Per Epoch": null, "Std Per Epoch": null, "_timestamp": 1693327206.6786666, "_runtime": 110.49574565887451, "_step": 0, "_wandb": {"runtime": 109}}