{"Test Accuracy": [0.1811, 0.1984, 0.2015, 0.2113, 0.1935], "Mean Per Epoch": null, "Std Per Epoch": null, "_timestamp": 1693367080.5379941, "_runtime": 126.54462003707886, "_step": 0, "_wandb": {"runtime": 125}}