{"Test Accuracy": [0.1154, 0.1158, 0.1143, 0.1166, 0.1189], "Mean Per Epoch": null, "Std Per Epoch": null, "_timestamp": 1693376711.3794916, "_runtime": 1288.3139295578003, "_step": 0, "_wandb": {"runtime": 1287}}