{"Test Accuracy": [0.1949, 0.1962, 0.1964, 0.2072, 0.1812], "Mean Per Epoch": [0.001985392766073346, 0.001982124289497733, 0.0020306091755628586, 0.002091154456138611, 0.002134769456461072, 0.002165569458156824, 0.002191027859225869, 0.0022122294176369905, 0.0022301888093352318, 0.0022463223431259394, 0.002260347828269005, 0.002272671787068248, 0.0022836376447230577, 0.0022940777707844973, 0.002303052693605423, 0.0023110441397875547, 0.0023180004209280014, 0.002324397210031748, 0.002330767922103405, 0.0023358650505542755, 0.002340896986424923, 0.0022177211940288544, 0.002294278936460614, 0.002366591477766633, 0.0024228496477007866, 0.0024655500892549753, 0.0024996402207762003, 0.002528974786400795, 0.002553384518250823, 0.002574603073298931, 0.002593121724203229, 0.00260944664478302, 0.002623929874971509, 0.0026362973731011152, 0.0026466241106390953, 0.0026561517734080553, 0.002664829371497035, 0.0026731081306934357, 0.002680468140169978, 0.002686993917450309, 0.00269301631487906, 0.0024429254699498415, 0.00249417289160192, 0.002646314213052392, 0.002764051780104637, 0.0028431315440684557, 0.00290580908767879, 0.002954344032332301, 0.002994483569636941, 0.003024236997589469, 0.003053654683753848, 0.00307553936727345, 0.003096441039815545, 0.0031156782060861588, 0.0031338350381702185, 0.00314917485229671, 0.0031616922933608294, 0.0031743545550853014, 0.0031848724465817213, 0.00319676217623055, 0.0032053396571427584, 0.002580931643024087, 0.00240076775662601, 0.0023126539308577776, 0.0022844234481453896, 0.002279882086440921, 0.0022838737349957228, 0.0022897180169820786, 0.002292532240971923, 0.002295024925842881, 0.0022969108540564775, 0.0022990808356553316, 0.0022994522005319595, 0.002300652675330639, 0.0022998356726020575, 0.002300207270309329, 0.0022988428827375174, 0.002299877582117915, 0.002299526007845998, 0.0022994091268628836, 0.002298766979947686, 0.00182527641300112, 0.0018645176896825433, 0.0019406224600970745, 0.0020170772913843393, 0.00206775008700788, 0.0021093387622386217, 0.002148180501535535, 0.0021797441877424717, 0.002207170007750392, 0.0022306148894131184, 0.0022512131836265326, 0.0022697942331433296, 0.00228615989908576, 0.00230116187594831, 0.00231423182412982, 0.002327490830793977, 0.0023391719441860914, 0.002349620684981346, 0.002359184203669429], "Std Per Epoch": [0.009999998845160007, 0.01001431792974472, 0.01001417264342308, 0.01000390574336052, 0.009997101500630379, 0.009995930828154087, 0.009994611144065857, 0.009992185048758984, 0.00999251939356327, 0.009992890991270542, 0.009992632083594799, 0.009991854429244995, 0.009990631602704525, 0.009989761747419834, 0.009989702142775059, 0.009989058598876, 0.009989194571971893, 0.009987699799239635, 0.009987433440983295, 0.009987152181565762, 0.009986929595470428, 0.009982605464756489, 0.009978986345231533, 0.009981577284634113, 0.009991382248699665, 0.009987368248403072, 0.009987512603402138, 0.009987558238208294, 0.009985550306737423, 0.009986483491957188, 0.009985866956412792, 0.009986779652535915, 0.00998647976666689, 0.00998568907380104, 0.00998450256884098, 0.009984674863517284, 0.009985645301640034, 0.009984758682549, 0.009984358213841915, 0.009983321651816368, 0.00998383667320013, 0.009989459067583084, 0.009986751712858677, 0.010003821924328804, 0.010003706440329552, 0.010005292482674122, 0.010001921094954014, 0.009997859597206116, 0.009991871193051338, 0.009992189705371857, 0.009989804588258266, 0.009990043938159943, 0.009989866055548191, 0.009989229030907154, 0.009987751953303814, 0.009985377080738544, 0.00998398382216692, 0.009982626885175705, 0.009983248077332973, 0.009981424547731876, 0.009981276467442513, 0.01004351582378149, 0.010039464570581913, 0.010029993019998074, 0.010030658915638924, 0.01002977229654789, 0.010026760399341583, 0.010023851878941059, 0.010022406466305256, 0.010020719841122627, 0.010018632747232914, 0.010017727501690388, 0.010015938431024551, 0.010015307925641537, 0.010013858787715435, 0.010013486258685589, 0.010014262981712818, 0.010013050399720669, 0.010013575665652752, 0.010011858306825161, 0.010011812672019005, 0.010039505548775196, 0.010024606250226498, 0.010018688626587391, 0.010012493468821049, 0.010012163780629635, 0.010010682977735996, 0.010014384053647518, 0.010012791492044926, 0.01001099031418562, 0.010009250603616238, 0.010009406134486198, 0.010009118355810642, 0.01000717468559742, 0.01000793743878603, 0.010008399374783039, 0.010008697398006916, 0.010007649660110474, 0.010006282478570938, 0.01000536885112524], "_timestamp": 1693332273.2706008, "_runtime": 203.43189883232117, "_step": 0, "_wandb": {"runtime": 202}}