{"Test Accuracy": [0.1972, 0.191, 0.2153, 0.1847, 0.2001], "Mean Per Epoch": null, "Std Per Epoch": null, "_timestamp": 1693374741.1815841, "_runtime": 110.2473042011261, "_step": 0, "_wandb": {"runtime": 108}}