{"Test Accuracy": [0.1859, 0.197, 0.2165, 0.1951, 0.1954], "Mean Per Epoch": null, "Std Per Epoch": null, "_timestamp": 1693353917.79853, "_runtime": 126.61456418037415, "_step": 0, "_wandb": {"runtime": 125}}