{"Test Accuracy": [0.1256, 0.2235, 0.3811, 0.3898, 0.4523], "Mean Per Epoch": [-0.0005194544210098684, -0.0005279085016809404, -0.0005358675844036043, -0.0005437354557216167, -0.0005512300995178521, -0.0005585132748819888, -0.0005657435394823551, -0.0005726849776692688, -0.0005792104639112949, -0.0005852493923157454, -0.0005907462327741086, -0.0005958977853879333, -0.0006007092888467014, -0.0006051284144632518, -0.0006091052200645208, -0.0006127780652604997, -0.0006161821656860411, -0.0006190913845784962, -0.0006217292975634336, -0.0006240592920221388, -0.0006261486560106277, -0.0006318031228147447, -0.0006391615024767816, -0.0006470273365266621, -0.000654268020298332, -0.0006606818060390651, -0.0006673988536931574, -0.0006735613569617271, -0.0006794380606152117, -0.0006852301303297281, -0.0006908570067025721, -0.0006963559426367283, -0.000701356038916856, -0.0007044156081974506, -0.0007066225516609848, -0.0007093889289535582, -0.0007117387722246349, -0.0007140564848668873, -0.0007159070228226483, -0.0007167482399381697, -0.0007162710535340011, -0.0007217475213110447, -0.0007314446847885847, -0.0007397402659989893, -0.0007461784407496452, -0.000752521853428334, -0.0007599403033964336, -0.0007683942094445229, -0.0007759866421110928, -0.0007832545670680702, -0.0007903794175945222, -0.0007960149087011814, -0.000801870774012059, -0.0008072671480476856, -0.0008120372076518834, -0.0008167636697180569, -0.0008215806446969509, -0.0008262605988420546, -0.000830384436994791, -0.0008344973903149366, -0.0008377082995139062, -0.0008414126350544393, -0.0008491043117828667, -0.000856615777593106, -0.000863982189912349, -0.0008713483694009483, -0.0008788136183284223, -0.0008854772313497961, -0.0008922715787775815, -0.0008989876951090991, -0.0009054621332325041, -0.0009113464620895684, -0.0009168154210783541, -0.0009220827487297356, -0.0009271412272937596, -0.0009319102391600609, -0.0009365075384266675, -0.0009410691563971341, -0.000945341307669878, -0.0009497597930021584, -0.0009540021419525146, -0.0009536337456665933, -0.000955767638515681, -0.0009597021271474659, -0.0009640636271797121, -0.0009693196043372154, -0.0009742591646499932, -0.0009790598414838314, -0.0009838106343522668, -0.000988184823654592, -0.0009920642478391528, -0.000996165326796472, -0.0009997788583859801, -0.0010034511797130108, -0.0010070409625768661, -0.001010445412248373, -0.0010138062061741948, -0.001016866764985025, -0.001019454444758594, -0.0010207155719399452], "Std Per Epoch": [0.01100000087171793, 0.010996859520673752, 0.01098354160785675, 0.01096885185688734, 0.010964020155370235, 0.010952342301607132, 0.01093278918415308, 0.010939338244497776, 0.010926728136837482, 0.010920829139649868, 0.010923138819634914, 0.01089575607329607, 0.010860367678105831, 0.01088280975818634, 0.010865859687328339, 0.010896013118326664, 0.010890475474298, 0.01089667621999979, 0.010887590236961842, 0.010907001793384552, 0.010927848517894745, 0.010974508710205555, 0.0109925651922822, 0.011006440967321396, 0.011041057296097279, 0.011044740676879883, 0.011048346757888794, 0.011037123389542103, 0.011043169535696507, 0.010999123565852642, 0.011032793670892715, 0.011036675423383713, 0.011089380830526352, 0.011130482889711857, 0.011063742451369762, 0.011110696941614151, 0.011121470481157303, 0.011135797947645187, 0.011181964538991451, 0.011200056411325932, 0.011308006010949612, 0.011390327475965023, 0.011514023877680302, 0.01141614094376564, 0.011375042609870434, 0.011404457502067089, 0.011367826722562313, 0.011410954408347607, 0.011399139650166035, 0.011456642299890518, 0.011445369571447372, 0.01139027252793312, 0.011371961794793606, 0.011284061707556248, 0.011286736465990543, 0.011236353777348995, 0.011219877749681473, 0.011160199530422688, 0.011219450272619724, 0.011179043911397457, 0.011179852299392223, 0.01116164680570364, 0.011153421364724636, 0.011133231222629547, 0.011090983636677265, 0.011035111732780933, 0.011041645891964436, 0.011007953435182571, 0.010987360961735249, 0.010965827852487564, 0.010965083725750446, 0.010953267104923725, 0.01093607023358345, 0.010972424410283566, 0.011028721928596497, 0.01106500905007124, 0.011086543090641499, 0.011083508841693401, 0.011105312965810299, 0.01108955591917038, 0.01108341570943594, 0.011135523207485676, 0.011090164072811604, 0.011101062409579754, 0.011003777384757996, 0.011034290306270123, 0.011029076762497425, 0.011029720306396484, 0.011061005294322968, 0.011065404862165451, 0.011050800792872906, 0.010998685844242573, 0.011040286161005497, 0.011044627986848354, 0.011029227636754513, 0.010982605628669262, 0.010961484163999557, 0.010982271283864975, 0.011012516915798187, 0.01104685664176941], "_timestamp": 1693367296.2082493, "_runtime": 211.9023323059082, "_step": 0, "_wandb": {"runtime": 210}}