{"Test Accuracy": {"Top1_Acc_Epoch/train_phase/train_stream/Task000": 0.6200581892863255, "Top1_Acc_Exp/eval_phase/test_stream/Task000/Exp000": 0.9125, "Top1_Acc_Exp/eval_phase/test_stream/Task000/Exp001": 0.0, "Top1_Acc_Exp/eval_phase/test_stream/Task000/Exp002": 0.0, "Top1_Acc_Exp/eval_phase/test_stream/Task000/Exp003": 0.0, "Top1_Acc_Exp/eval_phase/test_stream/Task000/Exp004": 0.0, "Top1_Acc_Stream/eval_phase/test_stream/Task000": 0.1752}, "Mean Per Epoch": {"_type": "histogram", "values": [13, 13, 7, 10, 8, 5, 2, 3, 4, 2, 3, 2, 2, 2, 1, 3, 2, 2, 2, 1, 2, 1, 1, 1, 1, 1, 1, 1, 1, 1, 1, 1], "bins": [0.0013250395422801375, 0.00133508478756994, 0.0013451300328597426, 0.0013551751617342234, 0.001365220407024026, 0.0013752656523138285, 0.001385310897603631, 0.0013953560264781117, 0.0014054012717679143, 0.0014154465170577168, 0.0014254917623475194, 0.001435537007637322, 0.0014455821365118027, 0.0014556273818016052, 0.0014656726270914078, 0.0014757178723812103, 0.0014857631176710129, 0.0014958082465454936, 0.0015058534918352962, 0.0015158987371250987, 0.0015259439824149013, 0.001535989111289382, 0.0015460343565791845, 0.001556079601868987, 0.0015661248471587896, 0.0015761700924485922, 0.001586215221323073, 0.0015962604666128755, 0.001606305711902678, 0.0016163509571924806, 0.0016263960860669613, 0.0016364413313567638, 0.0016464865766465664]}, "Std Per Epoch": {"_type": "histogram", "values": [5, 2, 1, 5, 2, 3, 3, 2, 3, 5, 4, 9, 2, 6, 8, 4, 1, 6, 3, 4, 4, 4, 3, 1, 2, 2, 1, 1, 0, 1, 1, 2], "bins": [0.010683116503059864, 0.010693931020796299, 0.01070474460721016, 0.010715559124946594, 0.01072637364268303, 0.01073718722909689, 0.010748001746833324, 0.010758815333247185, 0.01076962985098362, 0.010780444368720055, 0.010791257955133915, 0.01080207247287035, 0.01081288605928421, 0.010823700577020645, 0.01083451509475708, 0.01084532868117094, 0.010856143198907375, 0.01086695771664381, 0.01087777130305767, 0.010888585820794106, 0.01089940033853054, 0.0109102139249444, 0.010921028442680836, 0.010931842029094696, 0.010942656546831131, 0.010953471064567566, 0.010964284650981426, 0.010975099168717861, 0.010985912755131721, 0.010996727272868156, 0.011007541790604591, 0.011018355377018452, 0.011029169894754887]}, "_timestamp": 1693314058.6187477, "_runtime": 211.5751416683197, "_step": 0, "_wandb": {"runtime": 211}}