{"Test Accuracy": [0.2115, 0.1904, 0.1787, 0.1911, 0.1958], "Mean Per Epoch": [-0.0006689119036309421, -0.0006386336754076183, -0.0006260645459406078, -0.0006195234600454569, -0.0005976418615318835, -0.0005763925146311522, -0.0005592217203229666, -0.0005452378536574543, -0.0005332886357791722, -0.0005233353585936129, -0.0005147423944436014, -0.0005075857043266296, -0.0005011060275137424, -0.000495443120598793, -0.0004902843502350152, -0.0004857329186052084, -0.000481810187920928, -0.0004782004689332098, -0.0004748767241835594, -0.000471754145110026, -0.00046922251931391656, -0.0005113519728183746, -0.0002995214890688658, -8.585086470702663e-05, 6.164765363791957e-05, 0.00015562197950202972, 0.00022421016183216125, 0.00027635632432065904, 0.00031711519113741815, 0.00034943572245538235, 0.0003758110979106277, 0.00039879753603599966, 0.0004192811902612448, 0.00043619555071927607, 0.0004526790289673954, 0.00046648303396068513, 0.0004787015786860138, 0.0004893465084023774, 0.0005000382079742849, 0.0005099195404909551, 0.0005190584342926741, 0.00016616393986623734, 0.00010482547804713249, 0.00011753756552934647, 0.00014332860882859677, 0.00016024941578507423, 0.00017697340808808804, 0.00019069318659603596, 0.00020106765441596508, 0.0002118089032592252, 0.00022038305178284645, 0.0002282183413626626, 0.00023397158656734973, 0.0002392195165157318, 0.0002445827703922987, 0.00024887415929697454, 0.0002532988728489727, 0.0002574477402959019, 0.0002612466923892498, 0.00026408667326904833, 0.0002669217064976692, 8.724831423023716e-05, 0.00026163700385950506, 0.00046822111471556127, 0.0005907746381126344, 0.000661571801174432, 0.0007078841445036232, 0.0007451291312463582, 0.0007742710877209902, 0.0007977734785526991, 0.000817771244328469, 0.000834094185847789, 0.0008495710790157318, 0.0008623704197816551, 0.0008752832072786987, 0.0008853700128383934, 0.000894586555659771, 0.0009030178189277649, 0.0009109026286751032, 0.0009179143235087395, 0.0009243052336387336, 0.00037643531686626375, 0.00024392339400947094, 0.00014579575508832932, 0.00012229343701619655, 0.0001264964957954362, 0.0001379128807457164, 0.0001494664029451087, 0.00015848797920625657, 0.00016718311235308647, 0.0001747227943269536, 0.00018100689339917153, 0.00018714088946580887, 0.0001923229283420369, 0.00019667204469442368, 0.00020121752459090203, 0.00020488088193815202, 0.0002084186562569812, 0.00021161744371056557, 0.0002145681792171672], "Std Per Epoch": [0.009999998845160007, 0.00997314415872097, 0.009951659478247166, 0.009936247952282429, 0.009935995563864708, 0.00993509590625763, 0.009935873560607433, 0.009936470538377762, 0.009936481714248657, 0.009936138987541199, 0.009934880770742893, 0.009935951791703701, 0.009936411865055561, 0.009936504065990448, 0.009936375543475151, 0.009935734793543816, 0.009935970418155193, 0.009935867972671986, 0.009935091249644756, 0.00993393361568451, 0.0099329873919487, 0.00991909671574831, 0.009923513047397137, 0.009923098608851433, 0.009924808517098427, 0.009929864667356014, 0.009928232990205288, 0.009928622283041477, 0.00992682483047247, 0.009925853461027145, 0.009923985227942467, 0.009924478828907013, 0.009923967532813549, 0.009923139587044716, 0.009922483004629612, 0.00992382038384676, 0.009923459030687809, 0.009924008511006832, 0.009923373349010944, 0.009923738427460194, 0.009922757744789124, 0.009905449114739895, 0.009905358776450157, 0.009906764142215252, 0.00990696344524622, 0.009901530109345913, 0.00990681629627943, 0.0099061643704772, 0.009907428175210953, 0.00990754459053278, 0.009905331768095493, 0.009903865866363049, 0.009902379475533962, 0.009901616722345352, 0.00990061741322279, 0.009901219047605991, 0.009900434873998165, 0.009900971315801144, 0.009899877943098545, 0.009899185039103031, 0.009899439290165901, 0.009913028217852116, 0.009917309507727623, 0.009914766997098923, 0.00991098489612341, 0.009911926463246346, 0.00991139654070139, 0.009913445450365543, 0.00991261750459671, 0.009906171821057796, 0.009907481260597706, 0.009907619096338749, 0.009906754828989506, 0.00990572664886713, 0.009905669838190079, 0.009904357604682446, 0.009904791601002216, 0.009902507066726685, 0.00990206841379404, 0.00990182813256979, 0.009901611134409904, 0.00991519819945097, 0.009921829216182232, 0.009921249002218246, 0.009921791963279247, 0.009926925413310528, 0.009924064390361309, 0.00992430280894041, 0.009923386387526989, 0.009922236204147339, 0.009920913726091385, 0.009919239208102226, 0.009918850846588612, 0.009918357245624065, 0.009918428026139736, 0.009918433614075184, 0.009918111376464367, 0.009917669929564, 0.009917917661368847, 0.009918829426169395], "_timestamp": 1693391259.4738798, "_runtime": 206.54138469696045, "_step": 0, "_wandb": {"runtime": 205}}