{"Test Accuracy": [0.2135, 0.1904, 0.2006, 0.1967, 0.1943], "Mean Per Epoch": null, "Std Per Epoch": null, "_timestamp": 1693337815.7063265, "_runtime": 111.29510045051575, "_step": 0, "_wandb": {"runtime": 109}}