{"Test Accuracy": [0.1911, 0.2871, 0.3707, 0.3853, 0.4526], "Mean Per Epoch": [0.00146000599488616, 0.0014499552780762315, 0.0014404403045773506, 0.0014316081069409847, 0.0014236661372706294, 0.0014164946042001247, 0.0014111843192949891, 0.0014058923115953803, 0.001401690416969359, 0.0013978801434859633, 0.0013948051491752267, 0.001392239355482161, 0.001390450051985681, 0.0013901107013225555, 0.0013896417804062366, 0.0013891179114580154, 0.0013879676116630435, 0.0013873130083084106, 0.0013880819315090775, 0.0013904107036069036, 0.0013933568261563778, 0.001388472388498485, 0.0013804667396470904, 0.001371852122247219, 0.0013646491570398211, 0.0013571648159995675, 0.0013515008613467216, 0.0013469610130414367, 0.0013423579512163997, 0.0013360301963984966, 0.0013305676402524114, 0.0013253554934635758, 0.001320557319559157, 0.0013157216599211097, 0.0013117807684466243, 0.0013067768886685371, 0.0013013805728405714, 0.0012964567868039012, 0.001291691791266203, 0.0012870392529293895, 0.0012832407373934984, 0.001281964243389666, 0.001277633593417704, 0.001272931694984436, 0.0012674949830397964, 0.001261133118532598, 0.0012551211984828115, 0.0012495643459260464, 0.0012446327600628138, 0.0012391655473038554, 0.0012330141616985202, 0.0012271335581317544, 0.0012209314154461026, 0.0012152630370110273, 0.0012098639272153378, 0.0012056450359523296, 0.0012018090346828103, 0.0011981776915490627, 0.0011949639301747084, 0.0011919859098270535, 0.001189342001453042, 0.0011891850735992193, 0.0011868156725540757, 0.0011839879443868995, 0.0011809614952653646, 0.0011787222465500236, 0.0011761178029701114, 0.0011733750579878688, 0.0011706841178238392, 0.0011683691991493106, 0.001166140311397612, 0.001163674984127283, 0.00116146809887141, 0.0011595849646255374, 0.0011583258165046573, 0.0011569238267838955, 0.0011553887743502855, 0.0011540279956534505, 0.0011528152972459793, 0.0011514803627505898, 0.0011505144648253918, 0.0011471329489722848, 0.0011407731799408793, 0.0011340334312990308, 0.0011270561954006553, 0.0011205273913219571, 0.0011142666917294264, 0.0011082784039899707, 0.0011025202693417668, 0.0010971316369250417, 0.0010920463828369975, 0.0010874298168346286, 0.0010831460822373629, 0.0010788595536723733, 0.0010750069050118327, 0.001071522943675518, 0.0010681496933102608, 0.0010650077601894736, 0.001061914605088532, 0.001059098867699504], "Std Per Epoch": [0.01100000087171793, 0.01103935856372118, 0.011059789918363094, 0.011097808368504047, 0.011141899973154068, 0.011209432035684586, 0.011246583424508572, 0.011170902289450169, 0.011208581738173962, 0.011193898506462574, 0.011292439885437489, 0.011178209446370602, 0.01125633716583252, 0.011287320405244827, 0.01121495570987463, 0.011194155551493168, 0.011153195984661579, 0.011192526668310165, 0.011265206150710583, 0.011324831284582615, 0.011332735419273376, 0.011381900869309902, 0.011377920396625996, 0.011399618349969387, 0.011494309641420841, 0.011484459042549133, 0.011510123498737812, 0.011496849358081818, 0.011361240409314632, 0.01139590423554182, 0.011440514586865902, 0.011346745304763317, 0.011348002590239048, 0.011425021104514599, 0.011369648389518261, 0.011338879354298115, 0.011332310736179352, 0.011299173347651958, 0.011286281049251556, 0.011246010661125183, 0.011266178451478481, 0.011242211796343327, 0.011235415935516357, 0.011260324157774448, 0.011240695603191853, 0.011196385137736797, 0.011223935522139072, 0.011213596910238266, 0.011187071911990643, 0.011189875192940235, 0.011206316761672497, 0.011166620999574661, 0.01112294103950262, 0.011125666089355946, 0.01109927985817194, 0.011026337742805481, 0.011010604910552502, 0.011007254011929035, 0.011026726104319096, 0.011012601666152477, 0.010971124283969402, 0.010963797569274902, 0.010976648889482021, 0.010972515679895878, 0.011004242114722729, 0.010978423058986664, 0.010960782878100872, 0.010917332023382187, 0.010925927199423313, 0.010912749916315079, 0.010868612676858902, 0.010851755738258362, 0.010819964110851288, 0.01082195807248354, 0.01082743052393198, 0.010812733322381973, 0.01079760491847992, 0.010792250744998455, 0.010779954493045807, 0.010829460807144642, 0.010849591344594955, 0.010848880745470524, 0.01081831380724907, 0.010792900808155537, 0.010783699341118336, 0.010783307254314423, 0.01076445635408163, 0.010763265192508698, 0.010747958905994892, 0.010760005563497543, 0.010747705586254597, 0.010745028965175152, 0.010723545216023922, 0.01071126852184534, 0.010730333626270294, 0.010727607645094395, 0.010754350572824478, 0.010738116689026356, 0.01075699646025896, 0.010755657218396664], "_timestamp": 1693383123.1095688, "_runtime": 213.67709374427795, "_step": 0, "_wandb": {"runtime": 212}}