{"Test Accuracy": [0.196, 0.1965, 0.1985, 0.2104, 0.175], "Mean Per Epoch": [-0.0005194544210098684, -0.0004264191666152328, -0.0002843502152245492, -0.00020355485321488231, -0.0001505211548646912, -0.00011208493378944695, -8.385926048504189e-05, -6.003091039019637e-05, -3.931947867386043e-05, -2.249623321404215e-05, -7.248541805893183e-06, 5.890052761969855e-06, 1.6966290786513127e-05, 2.764495184237603e-05, 3.662342714960687e-05, 4.418372918735258e-05, 5.1225633797002956e-05, 5.7757541071623564e-05, 6.312973710009828e-05, 6.843315350124612e-05, 7.281731814146042e-05, -0.0001267219049623236, 6.112461505836109e-06, 0.00013354956172406673, 0.00022071322018746287, 0.0002861979592125863, 0.0003332752676215023, 0.00036898301914334297, 0.0003967912925872952, 0.00041938727372325957, 0.00043792524957098067, 0.00045404621050693095, 0.0004681727441493422, 0.00048022219561971724, 0.0004914167220704257, 0.0005010871100239456, 0.0005096591776236892, 0.0005176148260943592, 0.0005245697684586048, 0.000531284196767956, 0.000537035521119833, 0.0001429409021511674, 0.00021424754231702536, 0.00041475906618870795, 0.0005873267073184252, 0.00069109519245103, 0.0007600067183375359, 0.0008079014369286597, 0.00084732222603634, 0.0008787970873527229, 0.0009052515379153192, 0.0009282226674258709, 0.0009474100661464036, 0.0009643895900808275, 0.0009803310967981815, 0.0009938228176906705, 0.001005608239211142, 0.0010176255600526929, 0.0010272449580952525, 0.0010375183774158359, 0.0010470928391441703, 0.00048483177670277655, 0.0001399560715071857, 2.9886470656492747e-05, 1.3416419278655667e-05, 1.2240217074577231e-05, 1.4471316717390437e-05, 1.9130568034597673e-05, 2.2964784875512123e-05, 2.6818286642082967e-05, 2.9862354494980536e-05, 3.296427894383669e-05, 3.5369652323424816e-05, 3.774852302740328e-05, 4.0424445614917204e-05, 4.2481889977352694e-05, 4.453751535038464e-05, 4.614063072949648e-05, 4.7646968596382067e-05, 4.8898509703576565e-05, 5.0097860366804525e-05, -0.00021972037211526185, -0.00015013793017715216, -0.00010596797801554203, -6.146243686089292e-05, -6.170986307552084e-05, -5.178374703973532e-05, -5.7528686738805845e-05, -6.210283754626289e-05, -6.660656072199345e-05, -7.548986468464136e-05, -7.998031651368365e-05, -9.033692913362756e-05, -9.85476654022932e-05, -0.00010935706086456776, -0.00011637713760137558, -0.00012090212112525478, -0.00012904428876936436, -0.00013842021871823817, -0.00014390535943675786], "Std Per Epoch": [0.009999998845160007, 0.009997603483498096, 0.009991968981921673, 0.00997933093458414, 0.009978766553103924, 0.009975504130125046, 0.009972984902560711, 0.0099717378616333, 0.009972617961466312, 0.00997204054147005, 0.0099716791883111, 0.00997178629040718, 0.00997140072286129, 0.009971215389668941, 0.009970762766897678, 0.009970194660127163, 0.009971339255571365, 0.00997078139334917, 0.009970320388674736, 0.009970731101930141, 0.00997119676321745, 0.010035378858447075, 0.010056465864181519, 0.010064431466162205, 0.010071799159049988, 0.01007404550909996, 0.010073497891426086, 0.01007064152508974, 0.010069616138935089, 0.010068991221487522, 0.010071147233247757, 0.01007060892879963, 0.010071965865790844, 0.010071133263409138, 0.0100692855194211, 0.010068734176456928, 0.010068229399621487, 0.010067529045045376, 0.010066606104373932, 0.010066280141472816, 0.010066629387438297, 0.010088491253554821, 0.010110067203640938, 0.010121067054569721, 0.010121473111212254, 0.010123883374035358, 0.010118666104972363, 0.010119406506419182, 0.01011939812451601, 0.010119345970451832, 0.01011934969574213, 0.010118546895682812, 0.010117958299815655, 0.01011607889086008, 0.010116491466760635, 0.010115199722349644, 0.01011460181325674, 0.010114475153386593, 0.010113964788615704, 0.010112311691045761, 0.010111313313245773, 0.010086432099342346, 0.010077954269945621, 0.010077298618853092, 0.010067802853882313, 0.010061181150376797, 0.010059710592031479, 0.010057003237307072, 0.01005463395267725, 0.010053085163235664, 0.010052695870399475, 0.010052834637463093, 0.010051880963146687, 0.010053087025880814, 0.010053719393908978, 0.010054298676550388, 0.010054479353129864, 0.010053903795778751, 0.01005377434194088, 0.010053941048681736, 0.010053649544715881, 0.010120808146893978, 0.010103236883878708, 0.010108927264809608, 0.010083950124680996, 0.010081875137984753, 0.010076726786792278, 0.010076336562633514, 0.010081532411277294, 0.010079537518322468, 0.010079596191644669, 0.010076570324599743, 0.010078019462525845, 0.010078420862555504, 0.010077263228595257, 0.010075715370476246, 0.010076784528791904, 0.010075410827994347, 0.01007136795669794, 0.010068695060908794], "_timestamp": 1693367505.2884085, "_runtime": 203.9866886138916, "_step": 0, "_wandb": {"runtime": 202}}