{"Test Accuracy": [0.1979, 0.1983, 0.1815, 0.1988, 0.2252], "Mean Per Epoch": null, "Std Per Epoch": null, "_timestamp": 1693351284.796357, "_runtime": 127.55851888656616, "_step": 0, "_wandb": {"runtime": 124}}