{"Test Accuracy": [0.1811, 0.1984, 0.2015, 0.2113, 0.1934], "Mean Per Epoch": null, "Std Per Epoch": null, "_timestamp": 1693366829.0737972, "_runtime": 110.02435231208801, "_step": 0, "_wandb": {"runtime": 108}}