{"Test Accuracy": [0.1859, 0.197, 0.2165, 0.1949, 0.1954], "Mean Per Epoch": null, "Std Per Epoch": null, "_timestamp": 1693353665.9312851, "_runtime": 110.24840021133423, "_step": 0, "_wandb": {"runtime": 108}}