{"Test Accuracy": [0.1982, 0.189, 0.194, 0.2085, 0.1993], "Mean Per Epoch": null, "Std Per Epoch": null, "_timestamp": 1693324445.5831013, "_runtime": 117.88253617286682, "_step": 0, "_wandb": {"runtime": 116}}