{"Test Accuracy": [0.0946, 0.1001, 0.0923, 0.0961, 0.093], "Mean Per Epoch": null, "Std Per Epoch": null, "_timestamp": 1693368802.7719722, "_runtime": 1291.7077872753143, "_step": 0, "_wandb": {"runtime": 1290}}