{"Test Accuracy": [0.1904, 0.2364, 0.2946, 0.2022, 0.1906], "Mean Per Epoch": null, "Std Per Epoch": null, "_timestamp": 1693319414.787778, "_runtime": 116.63429093360901, "_step": 0, "_wandb": {"runtime": 115}}