{"Test Accuracy": [0.1983, 0.2083, 0.1972, 0.1924, 0.1982], "Mean Per Epoch": null, "Std Per Epoch": null, "_timestamp": 1693321904.2394438, "_runtime": 113.36570477485657, "_step": 0, "_wandb": {"runtime": 111}}