{"Test Accuracy": [0.1498, 0.2444, 0.2839, 0.403, 0.4589], "Mean Per Epoch": [0.003467768197879195, 0.0034560682252049446, 0.0034447405487298965, 0.003434017999097705, 0.003423840506002307, 0.0034143428783863783, 0.0034050708636641502, 0.003395856125280261, 0.0033872334752231836, 0.003379303263500333, 0.0033722592052072287, 0.0033656831365078688, 0.0033596698194742203, 0.0033543643075972795, 0.0033494054805487394, 0.0033445872832089663, 0.0033406391739845276, 0.0033381935209035873, 0.0033356721978634596, 0.0033324172254651785, 0.003329731523990631, 0.003324523800984025, 0.003317526774480939, 0.0033102736342698336, 0.0033032186329364777, 0.0032971110194921494, 0.0032912224996834993, 0.0032854669261723757, 0.003280182369053364, 0.003275207243859768, 0.0032703157048672438, 0.0032658919226378202, 0.0032613519579172134, 0.00325697916559875, 0.003252794034779072, 0.0032485798001289368, 0.0032448030542582273, 0.0032412996515631676, 0.003238131059333682, 0.003235470736399293, 0.0032332490663975477, 0.0032361112534999847, 0.0032383303623646498, 0.00324573484249413, 0.0032500813249498606, 0.003251846879720688, 0.003253209637477994, 0.003258381737396121, 0.003260405734181404, 0.003261072328314185, 0.003261827165260911, 0.0032627687323838472, 0.0032641428988426924, 0.003265330335125327, 0.0032657457049936056, 0.0032658122945576906, 0.003266311017796397, 0.003267250256612897, 0.0032673797104507685, 0.003267677268013358, 0.003267766907811165, 0.0032627396285533905, 0.0032543421257287264, 0.0032458186615258455, 0.003237776458263397, 0.0032298031728714705, 0.00322241079993546, 0.003215169534087181, 0.003207598812878132, 0.003200430190190673, 0.0031941819470375776, 0.0031887299846857786, 0.003185167210176587, 0.0031811269000172615, 0.0031784444581717253, 0.003176015568897128, 0.003173248143866658, 0.003170987591147423, 0.0031692087650299072, 0.0031669402960687876, 0.0031645342241972685, 0.0031647023279219866, 0.0031631377059966326, 0.0031609779689460993, 0.0031593015883117914, 0.0031577202025800943, 0.003156067803502083, 0.0031546689569950104, 0.003153641475364566, 0.003152611432597041, 0.0031518852338194847, 0.00315144844353199, 0.0031512759160250425, 0.003151045413687825, 0.0031512051355093718, 0.003151382552459836, 0.003151819109916687, 0.003152542980387807, 0.0031534431036561728, 0.0031544871162623167], "Std Per Epoch": [0.01100000087171793, 0.011004164814949036, 0.01101036835461855, 0.01103688683360815, 0.01103625912219286, 0.011020086705684662, 0.010995184071362019, 0.010965288616716862, 0.010988912545144558, 0.011000413447618484, 0.011051957495510578, 0.011041749268770218, 0.011102575808763504, 0.011063698679208755, 0.011063274927437305, 0.01107009220868349, 0.01108279824256897, 0.011142115108668804, 0.011073935776948929, 0.011037900112569332, 0.011029191315174103, 0.011020384728908539, 0.011028287000954151, 0.01102473121136427, 0.010999690741300583, 0.010958484373986721, 0.010934612713754177, 0.010951037518680096, 0.010931350290775299, 0.010911560617387295, 0.010890902020037174, 0.010899371467530727, 0.010920431464910507, 0.010946393013000488, 0.010932332836091518, 0.0109338304027915, 0.010902196168899536, 0.010935396887362003, 0.010962717235088348, 0.011023156344890594, 0.011027638800442219, 0.011044267565011978, 0.011123736388981342, 0.011164363473653793, 0.011116557754576206, 0.011124685406684875, 0.011248484253883362, 0.011257675476372242, 0.011079979129135609, 0.01108850259333849, 0.01108644437044859, 0.0110990134999156, 0.011126418597996235, 0.011053629219532013, 0.01104195136576891, 0.01102281454950571, 0.011124581098556519, 0.011078126728534698, 0.011082501150667667, 0.011043258011341095, 0.011012564413249493, 0.010999083518981934, 0.01103238109499216, 0.01108869630843401, 0.011029691435396671, 0.011046428233385086, 0.011068317107856274, 0.01108641643077135, 0.011054067872464657, 0.011046957224607468, 0.011033070273697376, 0.011069255881011486, 0.011082307435572147, 0.011059808544814587, 0.011059665121138096, 0.011023315601050854, 0.01097127515822649, 0.011008311063051224, 0.011006222106516361, 0.010896687395870686, 0.010916553437709808, 0.010908988304436207, 0.010919485241174698, 0.01090291142463684, 0.01092870905995369, 0.01093792449682951, 0.010935370810329914, 0.010945814661681652, 0.010948672890663147, 0.010939042083919048, 0.010925610549747944, 0.010919532738626003, 0.010955557227134705, 0.01091263722628355, 0.010945743881165981, 0.010902494192123413, 0.010907922871410847, 0.010968013666570187, 0.010990966111421585, 0.010988269001245499], "_timestamp": 1693358485.8969843, "_runtime": 212.19638323783875, "_step": 0, "_wandb": {"runtime": 210}}