{"Test Accuracy": [0.12, 0.1196, 0.1192, 0.1141, 0.1204], "Mean Per Epoch": null, "Std Per Epoch": null, "_timestamp": 1693371441.9342356, "_runtime": 1297.3444905281067, "_step": 0, "_wandb": {"runtime": 1295}}