{"Test Accuracy": [0.1886, 0.2277, 0.3427, 0.4134, 0.4495], "Mean Per Epoch": [0.0012284890981391072, 0.001214846852235496, 0.0012016271939501166, 0.001189709291793406, 0.0011789571726694703, 0.0011686644284054637, 0.0011582094011828303, 0.0011482365662232041, 0.0011384162353351712, 0.0011290208203718066, 0.0011203984031453729, 0.0011122613213956356, 0.0011043493868783116, 0.0010969961294904351, 0.0010901597561314702, 0.0010838228045031428, 0.0010778089053928852, 0.001072230632416904, 0.0010669039329513907, 0.0010616487124934793, 0.001056827139109373, 0.0010538656497374177, 0.0010502096265554428, 0.0010468382388353348, 0.0010436744196340442, 0.0010407747467979789, 0.001038333517499268, 0.0010363096371293068, 0.0010343189351260662, 0.0010328862117603421, 0.0010321984300389886, 0.001031590043567121, 0.0010310652432963252, 0.001030881772749126, 0.001031126594170928, 0.0010313416132703424, 0.001031589461490512, 0.0010318192653357983, 0.0010320271831005812, 0.0010323338210582733, 0.0010326619958505034, 0.0010292674414813519, 0.001024144352413714, 0.0010184453567489982, 0.0010126620763912797, 0.0010073041776195168, 0.0010022427886724472, 0.000997426570393145, 0.0009929690277203918, 0.000988864921964705, 0.0009848722256720066, 0.000981433899141848, 0.000978632364422083, 0.0009763343259692192, 0.0009750472963787615, 0.0009736144565977156, 0.0009717661887407303, 0.0009698241483420134, 0.00096777273574844, 0.0009658999624662101, 0.0009641911019571126, 0.000967123603913933, 0.0009676155750639737, 0.0009677496273070574, 0.0009664504905231297, 0.0009659993811510503, 0.0009658894850872457, 0.0009656397742219269, 0.0009654020541347563, 0.0009649329003877938, 0.0009642154909670353, 0.0009641653741709888, 0.0009644180536270142, 0.0009644446545280516, 0.0009647021070122719, 0.0009653842425905168, 0.0009665927500464022, 0.0009679723880253732, 0.000969231128692627, 0.0009707050048746169, 0.0009723596158437431, 0.0009725524578243494, 0.0009682452655397356, 0.0009637686307542026, 0.0009590506087988615, 0.0009549190872348845, 0.0009508290677331388, 0.0009467524942010641, 0.0009431525249965489, 0.0009398322436027229, 0.0009365950827486813, 0.0009336099028587341, 0.0009306936408393085, 0.0009279113146476448, 0.0009253800963051617, 0.0009230897412635386, 0.0009212978184223175, 0.0009197157924063504, 0.0009184589725919068, 0.0009173050057142973], "Std Per Epoch": [0.01100000087171793, 0.010975559242069721, 0.011007622815668583, 0.011044428683817387, 0.011095740832388401, 0.011031472124159336, 0.010950089432299137, 0.010934271849691868, 0.010915816761553288, 0.010934188961982727, 0.010947122238576412, 0.010899774730205536, 0.010907497256994247, 0.010894379578530788, 0.010910429060459137, 0.010897516272962093, 0.010880198329687119, 0.010892984457314014, 0.010879711247980595, 0.010875719599425793, 0.010874208994209766, 0.010856054723262787, 0.010831169784069061, 0.010803263634443283, 0.010795029811561108, 0.010788582265377045, 0.010814341716468334, 0.010811497457325459, 0.01080702617764473, 0.0108430041000247, 0.01084190234541893, 0.01081188302487135, 0.01079475972801447, 0.010804988443851471, 0.010809008032083511, 0.010792966932058334, 0.010775174014270306, 0.01076855044811964, 0.010769705288112164, 0.010760828852653503, 0.010771042667329311, 0.0108207231387496, 0.010794411413371563, 0.010805000551044941, 0.010797361843287945, 0.010794089175760746, 0.010797659866511822, 0.010820376686751842, 0.010837043635547161, 0.010813013650476933, 0.010778362862765789, 0.010791369713842869, 0.010837807320058346, 0.010877731256186962, 0.010885283350944519, 0.010855190455913544, 0.010857459157705307, 0.010808872990310192, 0.010792792774736881, 0.010789606720209122, 0.0108000747859478, 0.010800566524267197, 0.01079689059406519, 0.010790497064590454, 0.010796882212162018, 0.010815809480845928, 0.010821822099387646, 0.010753422975540161, 0.010772503912448883, 0.010740754194557667, 0.01076155062764883, 0.010772917419672012, 0.010761845856904984, 0.010736663825809956, 0.010745576582849026, 0.010763253085315228, 0.010773788206279278, 0.010730204172432423, 0.010724775493144989, 0.010754533112049103, 0.010722382925450802, 0.01074215117841959, 0.01067336741834879, 0.010699541307985783, 0.010667704977095127, 0.010675675235688686, 0.01065437775105238, 0.010639873333275318, 0.010618592612445354, 0.01060426514595747, 0.01058872789144516, 0.010576017200946808, 0.010568134486675262, 0.010545517317950726, 0.010550973005592823, 0.010577666573226452, 0.010582026094198227, 0.010577968321740627, 0.010585936717689037, 0.010589491575956345], "_timestamp": 1693345300.9889436, "_runtime": 213.87856459617615, "_step": 0, "_wandb": {"runtime": 212}}