{"Test Accuracy": [0.1908, 0.1859, 0.2, 0.2084, 0.2144], "Mean Per Epoch": null, "Std Per Epoch": null, "_timestamp": 1693390460.9320717, "_runtime": 117.91635179519653, "_step": 0, "_wandb": {"runtime": 116}}