{"Test Accuracy": [0.1982, 0.2135, 0.1908, 0.1914, 0.2018], "Mean Per Epoch": null, "Std Per Epoch": null, "_timestamp": 1693345629.19997, "_runtime": 117.67134189605713, "_step": 0, "_wandb": {"runtime": 116}}