{"Test Accuracy": [0.1997, 0.1996, 0.1936, 0.2145, 0.1862], "Mean Per Epoch": null, "Std Per Epoch": null, "_timestamp": 1693343101.1192663, "_runtime": 111.17134428024292, "_step": 0, "_wandb": {"runtime": 109}}