{"Test Accuracy": [0.1844, 0.1929, 0.1942, 0.2018, 0.2132], "Mean Per Epoch": null, "Std Per Epoch": null, "_timestamp": 1693377373.8117716, "_runtime": 110.70570158958435, "_step": 0, "_wandb": {"runtime": 109}}