{"Test Accuracy": [0.1752, 0.284, 0.362, 0.2636, 0.3594], "Mean Per Epoch": [0.0016464865766465664, 0.0016345903277397156, 0.0016233323840424418, 0.0016124198446050286, 0.0016015585279092193, 0.0015909929061308503, 0.0015806361334398389, 0.0015707416459918022, 0.0015612086281180382, 0.0015521025052294135, 0.0015436533140018582, 0.001535798073746264, 0.0015285044210031629, 0.0015217148466035724, 0.001515188254415989, 0.0015092099783942103, 0.0015037870034575462, 0.0014988492475822568, 0.001494120922870934, 0.0014896801440045238, 0.0014854635810479522, 0.0014813091838732362, 0.0014762316131964326, 0.0014702578773722053, 0.0014638813445344567, 0.0014582321746274829, 0.0014529259642586112, 0.0014487085863947868, 0.0014439788646996021, 0.001439406187273562, 0.0014349521370604634, 0.001430229633115232, 0.0014257761649787426, 0.001421950408257544, 0.0014179860008880496, 0.001414306927472353, 0.0014109493931755424, 0.0014083724236115813, 0.0014059818349778652, 0.0014039600500836968, 0.0014026053249835968, 0.0013990439474582672, 0.0013925732346251607, 0.0013860551407560706, 0.0013801208697259426, 0.001374548184685409, 0.0013695183442905545, 0.0013647390296682715, 0.001360338181257248, 0.0013560368679463863, 0.0013519945787265897, 0.0013484497321769595, 0.001345086027868092, 0.0013417275622487068, 0.0013383241603150964, 0.0013353736139833927, 0.0013327315682545304, 0.0013304121093824506, 0.0013283686712384224, 0.0013264670269563794, 0.0013250395422801375, 0.0013269776245579123, 0.0013273688964545727, 0.0013283645967021585, 0.001329679973423481, 0.0013307103654369712, 0.0013329024659469724, 0.0013363017933443189, 0.0013412890257313848, 0.0013447335222736, 0.0013482471695169806, 0.0013521332293748856, 0.0013558728387579322, 0.0013590063899755478, 0.001361939706839621, 0.0013648009626194835, 0.0013675285736098886, 0.0013705672463402152, 0.001374708954244852, 0.0013784741749987006, 0.001382493763230741, 0.001382106333039701, 0.0013786489143967628, 0.0013751349179074168, 0.0013714696979150176, 0.0013673886423930526, 0.0013635745272040367, 0.0013599875383079052, 0.0013563932152464986, 0.0013531629228964448, 0.0013503694208338857, 0.0013475418090820312, 0.001345065888017416, 0.0013428834499791265, 0.0013406792422756553, 0.0013387590879574418, 0.0013370594242587686, 0.001335597480647266, 0.0013342526508495212, 0.0013330694055184722], "Std Per Epoch": [0.01100000087171793, 0.011029169894754887, 0.011018217541277409, 0.01101935189217329, 0.010980203747749329, 0.01095583662390709, 0.010943827219307423, 0.01092678215354681, 0.010911921970546246, 0.010913384146988392, 0.010911139659583569, 0.010935906320810318, 0.010966100730001926, 0.010958388447761536, 0.010930020362138748, 0.010929484851658344, 0.010905259288847446, 0.010884606279432774, 0.01088977325707674, 0.01089912187308073, 0.010895139537751675, 0.01094573363661766, 0.010914367623627186, 0.01084553450345993, 0.010853424668312073, 0.010891802608966827, 0.010909107513725758, 0.010909095406532288, 0.01087129209190607, 0.010867713950574398, 0.010834922082722187, 0.0108105493709445, 0.010826065205037594, 0.01082970853894949, 0.010814320296049118, 0.010832026600837708, 0.010812855325639248, 0.010870502330362797, 0.010835382156074047, 0.010860048234462738, 0.010871171951293945, 0.01084438618272543, 0.010807850398123264, 0.010815750807523727, 0.010829525999724865, 0.010811158455908298, 0.010826126672327518, 0.01080239936709404, 0.010793276131153107, 0.010789982043206692, 0.010806160978972912, 0.010779861360788345, 0.010735942982137203, 0.010722540318965912, 0.010709275491535664, 0.010718238539993763, 0.01072515919804573, 0.010717969387769699, 0.010692089796066284, 0.010683116503059864, 0.010695863515138626, 0.010692988522350788, 0.010685845278203487, 0.010742423124611378, 0.010717399418354034, 0.010701954364776611, 0.010787888430058956, 0.010842892341315746, 0.010869390331208706, 0.010827156715095043, 0.010850260965526104, 0.010797779075801373, 0.010850012302398682, 0.010750502347946167, 0.010746520012617111, 0.010747160762548447, 0.010693243704736233, 0.010791151784360409, 0.01078689843416214, 0.010761384852230549, 0.010795938782393932, 0.010803956538438797, 0.010839368216693401, 0.010883420705795288, 0.01087437104433775, 0.010909407399594784, 0.010885420255362988, 0.010839286260306835, 0.010835145600140095, 0.010836876928806305, 0.010802332311868668, 0.010788549669086933, 0.010799791663885117, 0.010772687382996082, 0.010811221785843372, 0.01077121403068304, 0.010762223042547703, 0.010758212767541409, 0.010753377340734005, 0.010734226554632187], "_timestamp": 1693399901.9393296, "_runtime": 216.47026753425598, "_step": 0, "_wandb": {"runtime": 216}}