{"Test Accuracy": [0.1972, 0.191, 0.2153, 0.1847, 0.2002], "Mean Per Epoch": null, "Std Per Epoch": null, "_timestamp": 1693374994.4553201, "_runtime": 128.53710317611694, "_step": 0, "_wandb": {"runtime": 127}}