{"Test Accuracy": [0.1935, 0.1807, 0.2002, 0.1997, 0.211], "Mean Per Epoch": null, "Std Per Epoch": null, "_timestamp": 1693372103.207033, "_runtime": 111.59980201721191, "_step": 0, "_wandb": {"runtime": 108}}