{"Test Accuracy": [0.1968, 0.2648, 0.2674, 0.3202, 0.381], "Mean Per Epoch": [0.0009867032058537006, 0.0009734354098327458, 0.0009615654707886279, 0.0009503820911049843, 0.0009391317726112902, 0.0009285247069783509, 0.0009184491937048733, 0.000908608315512538, 0.0008989718626253307, 0.0008893490885384381, 0.0008801305084489286, 0.0008713961578905582, 0.0008628065697848797, 0.0008544310112483799, 0.0008462041732855141, 0.000838276173453778, 0.000830893695820123, 0.0008237184956669807, 0.000817014544736594, 0.0008108217152766883, 0.0008048894815146923, 0.0008045619470067322, 0.0008035058272071183, 0.0008025036077015102, 0.00080132856965065, 0.0007995241321623325, 0.0007984398980624974, 0.0007973318570293486, 0.0007968193385750055, 0.00079627480590716, 0.0007963972166180611, 0.0007963324314914644, 0.0007960913353599608, 0.0007959787617437541, 0.0007961206138134003, 0.0007967349956743419, 0.0007976315100677311, 0.0007986193522810936, 0.0007995380437932909, 0.000800292007625103, 0.0008013118640519679, 0.0007967360434122384, 0.0007911783759482205, 0.0007855465519241989, 0.0007807500660419464, 0.0007764709298498929, 0.0007710703648626804, 0.0007665693410672247, 0.000763179559726268, 0.0007601553224958479, 0.0007566803251393139, 0.0007525123655796051, 0.0007485318928956985, 0.0007452096324414015, 0.0007418934837915003, 0.0007383042830042541, 0.0007348225335590541, 0.0007312221569009125, 0.000728060316760093, 0.0007250935886986554, 0.0007222722633741796, 0.0007237932295538485, 0.0007248707115650177, 0.000725909776519984, 0.0007260932470671833, 0.0007307867635972798, 0.0007374786655418575, 0.0007431390113197267, 0.0007485487149097025, 0.0007548287394456565, 0.0007626107544638216, 0.0007762478780932724, 0.0007937627960927784, 0.000810427067335695, 0.0008270610123872757, 0.0008409945294260979, 0.0008484890568070114, 0.0008540639537386596, 0.000859897758346051, 0.0008672249969094992, 0.0008730698027648032, 0.0008729089167900383, 0.0008690861868672073, 0.0008639154839329422, 0.0008596828556619585, 0.0008556810207664967, 0.0008509106119163334, 0.000844696769490838, 0.0008385367691516876, 0.0008325253729708493, 0.0008270703256130219, 0.0008222637698054314, 0.0008173370733857155, 0.0008131936774589121, 0.0008089462644420564, 0.0008052264456637204, 0.0008019927772693336, 0.0007994382758624852, 0.0007974455947987735, 0.0007963731768541038], "Std Per Epoch": [0.01100000087171793, 0.011011664755642414, 0.01108629908412695, 0.01101855281740427, 0.010982080362737179, 0.011016018688678741, 0.011024990119040012, 0.011029266752302647, 0.011011739261448383, 0.010985183529555798, 0.010962325148284435, 0.011003793217241764, 0.010971429757773876, 0.010951854288578033, 0.01094134896993637, 0.01090012863278389, 0.010918996296823025, 0.010913413017988205, 0.010939872823655605, 0.010917961597442627, 0.010911524295806885, 0.010928508825600147, 0.010953829623758793, 0.01096790935844183, 0.01095674093812704, 0.010946103371679783, 0.010948517359793186, 0.010953464545309544, 0.010983857326209545, 0.010971021838486195, 0.010946471244096756, 0.01094402652233839, 0.010926205664873123, 0.010918191634118557, 0.010944492183625698, 0.010931725613772869, 0.010936402715742588, 0.010907492600381374, 0.010877297259867191, 0.010858292691409588, 0.010857343673706055, 0.010884230025112629, 0.01091714110225439, 0.010918318293988705, 0.010931405238807201, 0.010915216989815235, 0.010861106216907501, 0.010878273285925388, 0.010872398503124714, 0.010882888920605183, 0.010806702077388763, 0.010806345380842686, 0.010804305784404278, 0.010796940885484219, 0.010781618766486645, 0.010759390890598297, 0.010755523107945919, 0.010753405280411243, 0.010744352824985981, 0.0107368603348732, 0.010736632160842419, 0.010782565921545029, 0.010817780159413815, 0.010857022367417812, 0.010874283500015736, 0.011028367094695568, 0.011014076881110668, 0.011077724397182465, 0.011040092445909977, 0.011123850010335445, 0.011090395040810108, 0.011314581148326397, 0.011156462132930756, 0.011410924606025219, 0.011271409690380096, 0.011029561050236225, 0.011000089347362518, 0.01098597887903452, 0.011103061027824879, 0.011065461672842503, 0.011011268012225628, 0.011052978225052357, 0.01106635108590126, 0.011119123548269272, 0.01114431768655777, 0.011160739697515965, 0.011096528731286526, 0.011063854210078716, 0.011012119241058826, 0.011024899780750275, 0.010982898063957691, 0.011040457524359226, 0.010981041938066483, 0.010970831848680973, 0.010928106494247913, 0.010944749228656292, 0.01095667015761137, 0.010976309888064861, 0.010955501347780228, 0.01094952691346407], "_timestamp": 1693377840.9761894, "_runtime": 212.44891047477722, "_step": 0, "_wandb": {"runtime": 211}}