{"Test Accuracy": [0.0879, 0.0869, 0.0885, 0.0885, 0.0892], "Mean Per Epoch": null, "Std Per Epoch": null, "_timestamp": 1693339791.1175325, "_runtime": 1291.4956345558167, "_step": 0, "_wandb": {"runtime": 1290}}