{"Test Accuracy": [0.1887, 0.2251, 0.1935, 0.1982, 0.2668], "Mean Per Epoch": null, "Std Per Epoch": null, "_timestamp": 1693348508.6684344, "_runtime": 118.55561542510986, "_step": 0, "_wandb": {"runtime": 117}}