{"Test Accuracy": [0.1982, 0.2009, 0.2027, 0.2233, 0.2105], "Mean Per Epoch": null, "Std Per Epoch": null, "_timestamp": 1693324685.6550815, "_runtime": 118.6374945640564, "_step": 0, "_wandb": {"runtime": 116}}