{"Test Accuracy": [0.1982, 0.2151, 0.1905, 0.1913, 0.2016], "Mean Per Epoch": null, "Std Per Epoch": null, "_timestamp": 1693345995.1629024, "_runtime": 125.74632239341736, "_step": 0, "_wandb": {"runtime": 124}}