{"Test Accuracy": [0.1016, 0.1015, 0.106, 0.1006, 0.103], "Mean Per Epoch": null, "Std Per Epoch": null, "_timestamp": 1693355635.0915146, "_runtime": 1288.8960716724396, "_step": 0, "_wandb": {"runtime": 1287}}