{"Test Accuracy": [0.1888, 0.2132, 0.2734, 0.1962, 0.1889], "Mean Per Epoch": [0.0016464865766465664, 0.0017306158551946282, 0.0019364021718502045, 0.002088307635858655, 0.0021799567621201277, 0.002242587273940444, 0.00228743813931942, 0.002323620254173875, 0.0023549094330519438, 0.0023822998628020287, 0.0024062751326709986, 0.002427375875413418, 0.002446145284920931, 0.0024632124695926905, 0.0024784512352198362, 0.0024920606520026922, 0.002504338277503848, 0.0025152990128844976, 0.002525465330109, 0.0025346262846142054, 0.002543240785598755, 0.002399020828306675, 0.002602844964712858, 0.0027446094900369644, 0.0028357720002532005, 0.0029088426381349564, 0.002961778314784169, 0.0030012212228029966, 0.0030316768679767847, 0.003056107321754098, 0.0030761559028178453, 0.0030931246001273394, 0.0031079587060958147, 0.0031212407629936934, 0.003132767044007778, 0.0031429342925548553, 0.0031522337812930346, 0.0031604524701833725, 0.0031682353001087904, 0.0031756397802382708, 0.003182240528985858, 0.0026637434493750334, 0.0026448173448443413, 0.0026692592073231936, 0.002704981481656432, 0.002731717424467206, 0.00275330594740808, 0.0027708029374480247, 0.002785368822515011, 0.00279747205786407, 0.002807742217555642, 0.0028167993295937777, 0.0028247477021068335, 0.00283183460123837, 0.002838034415617585, 0.0028436819557100534, 0.002848836360499263, 0.0028538238257169724, 0.0028582916129380465, 0.0028622455429285765, 0.002866035560145974, 0.0027525562327355146, 0.002945089712738991, 0.0031427026260644197, 0.00327820866368711, 0.0033646654337644577, 0.0034309762995690107, 0.0034840379375964403, 0.003525499952957034, 0.0035607388708740473, 0.0035905323456972837, 0.0036161404568701982, 0.0036376919597387314, 0.0036569146905094385, 0.0036727639380842447, 0.0036878858227282763, 0.00370075274258852, 0.003712326055392623, 0.0037236970383673906, 0.0037338535767048597, 0.003742675529792905, 0.002736244583502412, 0.0022708566393703222, 0.002080504549667239, 0.0020051978062838316, 0.0019600202795118093, 0.0019348732894286513, 0.0019200933165848255, 0.001910750288516283, 0.0019032018026337028, 0.001898467424325645, 0.0018948171054944396, 0.0018916153348982334, 0.0018885512836277485, 0.0018861573189496994, 0.0018844081787392497, 0.0018823427380993962, 0.0018804781138896942, 0.0018783825216814876, 0.0018769832095131278], "Std Per Epoch": [0.009999998845160007, 0.010021627880632877, 0.010016712360084057, 0.010013979859650135, 0.010005676187574863, 0.010000973008573055, 0.009997370652854443, 0.009994839318096638, 0.009994466789066792, 0.009994893334805965, 0.009992401115596294, 0.009992900304496288, 0.009993531741201878, 0.009993323124945164, 0.009992489591240883, 0.009992362931370735, 0.009990694001317024, 0.009989909827709198, 0.00998895987868309, 0.00998885091394186, 0.009989231824874878, 0.010028635151684284, 0.009996498934924603, 0.009971008636057377, 0.009973953478038311, 0.009978394024074078, 0.009977967478334904, 0.009977266192436218, 0.009976496919989586, 0.009977019391953945, 0.009974825195968151, 0.009974690154194832, 0.009975197724997997, 0.009975343942642212, 0.009974394924938679, 0.009974737651646137, 0.009973755106329918, 0.009974369779229164, 0.009973789565265179, 0.009973905049264431, 0.009973672218620777, 0.009967082180082798, 0.009944950230419636, 0.009944447316229343, 0.00994668249040842, 0.009943504817783833, 0.009945291094481945, 0.009944044053554535, 0.009942825883626938, 0.009942791424691677, 0.009943242184817791, 0.009942040778696537, 0.00994059443473816, 0.00994067918509245, 0.009940125979483128, 0.009940997697412968, 0.009940785355865955, 0.009940744377672672, 0.009940237738192081, 0.009939619340002537, 0.009939734824001789, 0.009940050542354584, 0.009930680505931377, 0.009951216168701649, 0.009944076649844646, 0.009942414239048958, 0.009945415891706944, 0.00994540099054575, 0.009946403093636036, 0.00994460005313158, 0.009943543933331966, 0.00993890780955553, 0.009939678944647312, 0.009936771355569363, 0.009935841895639896, 0.009933934547007084, 0.009931842796504498, 0.009932604618370533, 0.009932785294950008, 0.009932738728821278, 0.009932833723723888, 0.010003115050494671, 0.010036495514214039, 0.010051371529698372, 0.010049763135612011, 0.01005850825458765, 0.010060060769319534, 0.010054362006485462, 0.010054296813905239, 0.010053523816168308, 0.010051566176116467, 0.010051467455923557, 0.010050983168184757, 0.010049266740679741, 0.010049543343484402, 0.010048260912299156, 0.010046805255115032, 0.010046979412436485, 0.010046303272247314, 0.010046251118183136], "_timestamp": 1693317357.6543047, "_runtime": 201.8401277065277, "_step": 0, "_wandb": {"runtime": 200}}