{"Test Accuracy": [0.1982, 0.2142, 0.1905, 0.1913, 0.2016], "Mean Per Epoch": null, "Std Per Epoch": null, "_timestamp": 1693345742.445356, "_runtime": 110.52135491371155, "_step": 0, "_wandb": {"runtime": 109}}