{"Test Accuracy": [0.1945, 0.2203, 0.3479, 0.3766, 0.4668], "Mean Per Epoch": [0.004445342347025871, 0.004432314541190863, 0.004419616889208555, 0.004407338332384825, 0.004395808093249798, 0.004384739324450493, 0.004374394193291664, 0.0043646409176290035, 0.004355350509285927, 0.004346650559455156, 0.004338413942605257, 0.004330856259912252, 0.0043236673809587955, 0.0043168202973902225, 0.004310492891818285, 0.004304585512727499, 0.00429900037124753, 0.004293851088732481, 0.004289365839213133, 0.004285323899239302, 0.0042815483175218105, 0.004281183704733849, 0.004280312452465296, 0.004279145505279303, 0.004278107080608606, 0.004276921972632408, 0.004275755491107702, 0.004274538718163967, 0.0042731971479952335, 0.004272357560694218, 0.00427169119939208, 0.004271333571523428, 0.004271259997040033, 0.004271628335118294, 0.004271810874342918, 0.004272238817065954, 0.004272919613867998, 0.004273269325494766, 0.004273719619959593, 0.004274207167327404, 0.004274826031178236, 0.004270381294190884, 0.0042630271054804325, 0.004254968371242285, 0.004247315693646669, 0.0042404173873364925, 0.004234020132571459, 0.004227575846016407, 0.004221474286168814, 0.004215847700834274, 0.004211144987493753, 0.0042066206224262714, 0.00420331209897995, 0.004200585186481476, 0.004197963047772646, 0.004196087829768658, 0.004193585831671953, 0.004191888961941004, 0.00419043330475688, 0.0041884793899953365, 0.004187047015875578, 0.004185355268418789, 0.004179665353149176, 0.004173036199063063, 0.004166977014392614, 0.004161531571298838, 0.004156763665378094, 0.0041510979644954205, 0.0041442676447331905, 0.004137467127293348, 0.0041311620734632015, 0.0041254498064517975, 0.0041197813116014, 0.0041144113056361675, 0.004109415225684643, 0.00410473020747304, 0.004100499674677849, 0.004096743650734425, 0.004093368072062731, 0.004090142901986837, 0.004086895380169153, 0.004088401794433594, 0.004088267218321562, 0.004088053945451975, 0.004088009241968393, 0.0040875510312616825, 0.004087090026587248, 0.0040860953740775585, 0.004084720741957426, 0.0040835230611264706, 0.0040824622847139835, 0.004081391263753176, 0.004080542828887701, 0.0040800306014716625, 0.004079772625118494, 0.004079637583345175, 0.004079821519553661, 0.004080162383615971, 0.00408066064119339, 0.0040811412036418915], "Std Per Epoch": [0.01100000087171793, 0.010941331274807453, 0.010927155613899231, 0.010924823582172394, 0.010905212722718716, 0.010917640291154385, 0.010903875343501568, 0.010895396582782269, 0.010922214947640896, 0.010963808745145798, 0.010976385325193405, 0.010959229432046413, 0.010962174274027348, 0.010939240455627441, 0.010934568010270596, 0.010932977311313152, 0.010933679528534412, 0.010931331664323807, 0.010943985544145107, 0.01093961764127016, 0.010950714349746704, 0.01094337459653616, 0.010938692837953568, 0.01093161478638649, 0.010939322412014008, 0.010922697372734547, 0.010916371829807758, 0.010905369184911251, 0.010897636413574219, 0.010901291854679585, 0.010922710411250591, 0.010951746255159378, 0.010966509580612183, 0.010965757071971893, 0.010967968963086605, 0.010973010212182999, 0.01094486191868782, 0.010930671356618404, 0.01092991977930069, 0.010952231474220753, 0.010952112264931202, 0.01094969641417265, 0.010950997471809387, 0.010972611606121063, 0.010952413082122803, 0.01097803097218275, 0.010987631976604462, 0.01096735242754221, 0.011024624109268188, 0.01101042702794075, 0.011019207537174225, 0.010995730757713318, 0.011078540235757828, 0.01102502178400755, 0.011028519831597805, 0.01100216805934906, 0.010975497774779797, 0.010967888869345188, 0.010956899262964725, 0.010901463218033314, 0.010902643203735352, 0.010895177721977234, 0.010842952877283096, 0.010885248892009258, 0.010891453363001347, 0.010935035534203053, 0.010926478542387486, 0.010851074010133743, 0.010820113122463226, 0.010805364698171616, 0.010816088877618313, 0.010785662569105625, 0.010773899964988232, 0.010767933912575245, 0.010768450796604156, 0.010775137692689896, 0.010778430849313736, 0.010798479430377483, 0.01075831800699234, 0.01074992399662733, 0.010766842402517796, 0.010764346458017826, 0.010751460678875446, 0.010758639313280582, 0.010755063034594059, 0.010766512714326382, 0.010716971941292286, 0.010691344738006592, 0.010676834732294083, 0.010650898329913616, 0.010671611875295639, 0.010650412179529667, 0.010669256560504436, 0.010654959827661514, 0.01066262274980545, 0.010670889168977737, 0.010666458867490292, 0.010629288852214813, 0.010615881532430649, 0.010574224404990673], "_timestamp": 1693372571.6619685, "_runtime": 213.1642665863037, "_step": 0, "_wandb": {"runtime": 211}}