{"Test Accuracy": [0.2017, 0.196, 0.1967, 0.1985, 0.2008], "Mean Per Epoch": null, "Std Per Epoch": null, "_timestamp": 1693379905.009022, "_runtime": 117.79298710823059, "_step": 0, "_wandb": {"runtime": 116}}