{"Test Accuracy": [0.1972, 0.191, 0.2153, 0.1848, 0.1998], "Mean Per Epoch": null, "Std Per Epoch": null, "_timestamp": 1693374627.4061258, "_runtime": 117.84003281593323, "_step": 0, "_wandb": {"runtime": 116}}