{"Test Accuracy": [0.1982, 0.2524, 0.275, 0.2842, 0.1813], "Mean Per Epoch": null, "Std Per Epoch": null, "_timestamp": 1693385415.5605693, "_runtime": 119.62224340438843, "_step": 0, "_wandb": {"runtime": 116}}