{"Test Accuracy": [0.1889, 0.2143, 0.2749, 0.1934, 0.1968], "Mean Per Epoch": null, "Std Per Epoch": null, "_timestamp": 1693340576.91654, "_runtime": 118.43481779098511, "_step": 0, "_wandb": {"runtime": 117}}