{"Test Accuracy": [0.1959, 0.1984, 0.1998, 0.2087, 0.1856], "Mean Per Epoch": null, "Std Per Epoch": null, "_timestamp": 1693332763.2662225, "_runtime": 126.15752744674683, "_step": 0, "_wandb": {"runtime": 124}}