{"Test Accuracy": [0.1979, 0.1983, 0.1816, 0.1987, 0.2241], "Mean Per Epoch": null, "Std Per Epoch": null, "_timestamp": 1693351032.6307125, "_runtime": 110.78450059890747, "_step": 0, "_wandb": {"runtime": 109}}